index,id,company name,chemistry_detail,chemistry,format,part,cell status,cell shape,cycle_life,capacity_fade_eol,vol. energy density (wh/l),capacity_nom,v_max,v_nom,v_min,i_cont,i_peak,crate_discharge_cyclelife,weight (gr),volume (cc),i_charge_max,standard charge current (a),crate_charge_cyclelife,t_rest_h,length (mm),height (mm),width_(mm),diameter_(mm),id/date,charging_method,crate_cv_cutoff,t_cycle_dod,op_temp_discharge_min_c,t_max,t_charge_min,storage_temp_max_c,r_internal,charging_voltage_v,charge_cutoff_current_a,calendar_life_years,resistance_growth_eol,,,,,,,,,,,,,,,,,,,,,,,,,,,,,,,,,,,,,,,,,,,
ISI-001,ISI-001,Kokam,Nickel rich,NMC,Pouch,SLPB080085270,Active,Prismatic,3000,70,573,26,4.2,3.67,2.7,2.6,52,1,387,475,26,2.6,1,0.5,275,7.9,99,21,KKDS-20200406-BM-CEL-03 ,CC-CV,0.02,90%,0,60,-20,25,2.43,4.22,0.469,7.2,6.075,,,,,,,,,,,,,,,,,,,,,,,,,,,,,,,,,,,,,,,,,,,
ISI-002,ISI-002,Kokam,Nickel rich,NMC,Pouch,SLPB98188216P,Active,Prismatic,6000,70,338,30,4.2,3.7,2.7,6,600,1,780,475,90,6,1,0.5,223,9.4,199,21,-,CC-CV,0.02,90%,-20,55,-10,30,1.41,4.3,2.195,9.9,3.525,,,,,,,,,,,,,,,,,,,,,,,,,,,,,,,,,,,,,,,,,,,
ISI-010,ISI-010,Kokam,Nickel rich,NMC,Pouch,SLPB120460330,Active,Prismatic,6000,80,425,150,4.2,3.7,2.7,30,300,1,3020,475,150,30,1,0.5,327,10.5,462,21,KKDS-20200514-BM-CEL-24 ,CC-CV,0.02,90%,-20,60,0,35,2.32,4.23,1.124,10.8,4.64,,,,,,,,,,,,,,,,,,,,,,,,,,,,,,,,,,,,,,,,,,#REF!,resistance_growth_eol
ISI-011,ISI-011,Kokam,Nickel rich,NMC,Pouch,SLPB140460330,Active,Prismatic,6000,70,437,200,4.2,3.7,2.7,40,400,1,3955,475,200,40,1,0.5,327,13.6,462,21,-,CC-CV,0.02,90%,0,60,-20,35,7.08,4.27,0.503,10.8,17.7,,,,,,,,,,,,,,,,,,,,,,,,,,,,,,,,,,,,,,,,,,,
ISI-012,ISI-012,Kokam,Nickel rich,NMC,Pouch,SLPB160460330,Active,Prismatic,6000,70,455,240,4.2,3.7,2.7,48,480,1,4510,475,240,48,1,0.5,327,15.8,462,21,KKDS-20200514-BM-CEL-26 ,CC-CV,0.02,90%,-10,55,-20,30,2.04,4.27,0.696,9,5.1,,,,,,,,,,,,,,,,,,,,,,,,,,,,,,,,,,,,,,,,,,,
ISI-013,ISI-013,Kokam,Nickel rich,NMC,Pouch,SLPB100216216H,Active,Prismatic,6000,70,370,40,4.2,3.7,2.7,8,320,1,940,475,120,8,1,0.5,227,10.3,226,21,-,CC-CV,0.02,90%,0,55,-20,40,2.6,4.28,0.832,7.2,6.5,,,,,,,,,,,,,,,,,,,,,,,,,,,,,,,,,,,,,,,,,,,
ISI-014,ISI-014,Kokam,Nickel rich,NMC,Pouch,SLPB120216216HR2,Active,Prismatic,10000,70,348,46,4.2,3.7,2.7,9.2,368,1,1145,475,138,9.2,1,0.5,227,12.2,226,21,KKDS-20200310-BM-CEL-01 ,CC-CV,0.02,90%,0,55,-10,40,7.6,4.29,2.897,9.9,19,,,,,,,,,,,,,,,,,,,,,,,,,,,,,,,,,,,,,,,,,,,
ISI-015,ISI-015,Kokam,Nickel rich,NMC,Pouch,SLPB120216216G1H,Active,Prismatic,6000,70,429,57,4.2,3.68,2.7,11.4,456,1,1175,475,171,11.4,1,0.5,227,12.2,226,21,KKDS-20200916-BM-CEL-31 ,CC-CV,0.02,90%,-20,55,-20,40,6.33,4.25,2.951,8.1,15.825,,,,,,,,,,,,,,,,,,,,,,,,,,,,,,,,,,,,,,,,,,,
ISI-016,ISI-016,Kokam,Nickel rich,NMC,Pouch,SLPB125255255H,Active,Prismatic,6000,70,355,75,4.2,3.7,2.7,15,600,1,1665,475,225,15,1,0.5,265,13,268,21,-,CC-CV,0.02,90%,-20,60,-20,25,1.5,4.24,0.924,9,3.75,,,,,,,,,,,,,,,,,,,,,,,,,,,,,,,,,,,,,,,,,,,
ISI-017,ISI-017,Kokam,Nickel rich,NMC,Pouch,SLPB125255255G1H,Active,Prismatic,6000,70,355,85,4.2,3.7,2.7,17,680,1,1735,475,255,17,1,0.5,265,12.6,268,21,-,CC-CV,0.02,90%,0,50,0,35,6.49,4.21,0.572,10.8,16.225,,,,,,,,,,,,,,,,,,,,,,,,,,,,,,,,,,,,,,,,,,,
ISI-018,ISI-018,CALB,Lithium Iron Phosphate,LFP,Prismatic,CA40,Active,Prismatic,2000,80,355,40,3.65,3.2,2.5,12,80,0.3,1500,475,40,12,0.3,0.5,116,46,118,21,-,CC-CV,0.02,80%,-10,50,0,35,6.62,4.27,3.809,17.1,9.93,,,,,,,,,,,,,,,,,,,,,,,,,,,,,,,,,,,,,,,,,,,
ISI-019,ISI-019,CALB,Lithium Iron Phosphate,LFP,Prismatic,CA60,Active,Prismatic,2000,80,355,60,3.65,3.2,2.5,18,120,0.3,2000,475,60,18,0.3,0.5,115,41,240,21,-,CC-CV,0.02,80%,0,50,0,30,7.91,4.27,1.587,11.7,11.865,,,,,,,,,,,,,,,,,,,,,,,,,,,,,,,,,,,,,,,,,,,
ISI-020,ISI-020,CALB,Lithium Iron Phosphate,LFP,Prismatic,CA100,Active,Prismatic,2000,80,355,100,3.65,3.2,2.5,30,200,0.3,3400,475,100,30,0.3,0.5,142,67,213,21,-,CC-CV,0.02,80%,0,60,-10,30,4.96,4.22,7.828,15.3,7.44,,,,,,,,,,,,,,,,,,,,,,,,,,,,,,,,,,,,,,,,,,,
ISI-021,ISI-021,CALB,Lithium Iron Phosphate,LFP,Prismatic,SE180AHA,Active,Prismatic,2000,80,355,180,3.65,3.2,2.5,54,180,1,5600,475,180,54,0.3,0.97,180,71,279,21,15.08.2016,CC-CV,0.02,80%,-20,60,0,25,5.69,4.22,9.623,12.6,8.535,,,,,,,,,,,,,,,,,,,,,,,,,,,,,,,,,,,,,,,,,,,
ISI-022,ISI-022,CATL,Lithium Iron Phosphate,LFP,Prismatic,LEP71H3L7-01,Active,Prismatic,4000,80,355,302,3.65,3.2,2.5,151,302,0.5,5510,475,302,151,0.5,0.5,207,71,173,21,Document: CTPS-71H3L7-01 ,CC-CV,0.02,80%,-10,55,-20,30,6.36,4.29,4.245,14.4,9.54,,,,,,,,,,,,,,,,,,,,,,,,,,,,,,,,,,,,,,,,,,,
ISI-023,ISI-023,CATL,Lithium Iron Phosphate,LFP,Prismatic,LEP54H4K1,Active,Prismatic,3500,80,355,202,3.65,3.2,2.5,101,202,0.5,3840,475,202,101,0.5,0.5,201,57,174,21,-,CC-CV,0.02,80%,0,55,0,40,4.37,4.29,3.192,12.6,6.555,,,,,,,,,,,,,,,,,,,,,,,,,,,,,,,,,,,,,,,,,,,
ISI-024,ISI-024,COSLIGHT,Lithium Iron Phosphate,LFP,Prismatic,FP45173209A,Active,Prismatic,3000,80,355,150,3.65,3.2,2.5,75,450,0.5,3840,475,150,75,0.5,0.5,201,45.5,174,21,-,CC-CV,0.02,100%,-20,60,0,30,5.48,4.24,1.101,17.1,8.22,,,,,,,,,,,,,,,,,,,,,,,,,,,,,,,,,,,,,,,,,,,
ISI-025,ISI-025,ECO POWER GROUP,Lithium Iron Phosphate,LFP,Prismatic,EC-AU228-NAH3L4,Active,Prismatic,2000,80,355,228,3.65,3.2,2.5,76,456,1,4200,475,228,76,1,0.5,207,54,174,21,-,CC-CV,0.02,80%,-10,50,-20,30,8.8,4.3,2.481,11.7,13.2,,,,,,,,,,,,,,,,,,,,,,,,,,,,,,,,,,,,,,,,,,,
ISI-026a,ISI-026,EVE Energy,Lithium Iron Phosphate,LFP,Prismatic,LF280N-72174,Active,Prismatic,1800,80,355,280,3.65,3.2,2.5,140,280,1,5300,475,280,140,1,0.5,205,72,174,21,22.12.2019,CC-CV,0.05,100%,-20,50,0,25,8.83,4.24,0.467,15.3,13.245,,,,,,,,,,,,,,,,,,,,,,,,,,,,,,,,,,,,,,,,,,,
ISI-026b,ISI-026,EVE Energy,Lithium Iron Phosphate,LFP,Prismatic,LF280N-72174,Active,Prismatic,3500,80,355,280,3.65,3.2,2.5,140,280,1,5300,475,280,140,1,0.5,205,72,174,21,22.12.2019,CC-CV,0.05,100%,-10,55,-20,40,5.02,4.26,2.407,11.7,7.53,,,,,,,,,,,,,,,,,,,,,,,,,,,,,,,,,,,,,,,,,,,
ISI-027a,ISI-027,EVE Energy,Lithium Iron Phosphate,LFP,Prismatic,LF304-72174,Active,Prismatic,3500,80,355,304,3.65,3.2,2.5,152,304,1,5490,475,304,152,1,0.5,209,72,174,21,07.05.2020,CC-CV,0.05,100%,0,55,-20,40,8.88,4.24,10.349,15.3,13.32,,,,,,,,,,,,,,,,,,,,,,,,,,,,,,,,,,,,,,,,,,,
ISI-027b,ISI-027,EVE Energy,Lithium Iron Phosphate,LFP,Prismatic,LF304-72174,Active,Prismatic,1800,80,355,304,3.65,3.2,2.5,152,304,1,5490,475,304,152,1,0.5,209,72,174,21,07.05.2020,CC-CV,0.05,100%,-10,50,0,40,4.15,4.22,9.163,17.1,6.225,,,,,,,,,,,,,,,,,,,,,,,,,,,,,,,,,,,,,,,,,,,
ISI-028,ISI-028,Jiangsu FREY,Lithium Iron Phosphate,LFP,Prismatic,FREY36130290-100PF,Active,Prismatic,2500,80,355,100,3.65,3.2,2.5,50,200,0.5,3000,475,100,50,0.5,0.5,290,36,130,21,-,CC-CV,0.05,100%,-20,60,-10,40,2.79,4.23,2.016,17.1,4.185,,,,,,,,,,,,,,,,,,,,,,,,,,,,,,,,,,,,,,,,,,,
ISI-029,ISI-029,GBS ZhEJIANG Systems,Lithium Iron Phosphate,LFP,Prismatic,GBS-LFP200Ah-B,Active,Prismatic,3000,80,355,200,3.65,3.2,2.5,100,600,0.5,6700,475,200,100,0.5,0.5,290,66,238,21,(V3.0),CC-CV,0.02,80%,0,60,-10,40,5.8,4.25,1.099,15.3,8.7,,,,,,,,,,,,,,,,,,,,,,,,,,,,,,,,,,,,,,,,,,,
ISI-03,ISI-03,Kokam,Nickel rich,NMC,Pouch,SLPB130255255P,Active,Prismatic,6000,70,363,75,4.2,3.7,2.7,15,600,1,1830,475,300,15,1,0.5,265,13.7,268,21,-,CC-CV,0.02,90%,0,60,-20,25,3.7,4.27,4.103,8.1,9.25,,,,,,,,,,,,,,,,,,,,,,,,,,,,,,,,,,,,,,,,,,,
ISI-030,ISI-030,GFB,Lithium Iron Phosphate,LFP,Prismatic,48173125-100Ah,Active,Prismatic,3000,80,355,100,3.65,3.2,2.5,50,100,1,2300,475,100,50,1,0.5,209,72,174,21,25.03.2019,CC-CV,0.02,80%,-20,55,-10,35,4.48,4.29,6.245,10.8,6.72,,,,,,,,,,,,,,,,,,,,,,,,,,,,,,,,,,,,,,,,,,,
ISI-031,ISI-031,JIANGSU HIGEE,Lithium Iron Phosphate,LFP,Prismatic,HJLFP48173170E-152Ah,Active,Prismatic,3000,80,355,152,3.65,3.2,2.5,76,152,0.5,2940,475,152,76,0.5,0.5,170,49,174,21,08.08.2018,CC-CV,0.02,80%,-10,55,0,40,8.96,4.22,0.452,13.5,13.44,,,,,,,,,,,,,,,,,,,,,,,,,,,,,,,,,,,,,,,,,,,
ISI-032a,ISI-032,JIANGSU HIGEE,Lithium Iron Phosphate,LFP,Prismatic,HJLFP48173170E-120Ah,Active,Prismatic,4000,80,355,120,3.65,3.2,2.5,120,240,1,2860,475,120,60,0.5,0.5,165,48,174,21,06.07.2019,CC-CV,0.02,80%,-20,50,0,35,6.38,4.23,8.902,11.7,9.57,,,,,,,,,,,,,,,,,,,,,,,,,,,,,,,,,,,,,,,,,,,
ISI-032b,ISI-032,JIANGSU HIGEE,Lithium Iron Phosphate,LFP,Prismatic,HJLFP48173170E-120Ah,Active,Prismatic,5000,80,355,120,3.65,3.2,2.5,120,240,1,2860,475,120,60,1,0.5,165,48,174,21,06.07.2019,CC-CV,0.02,80%,0,60,-10,25,5.42,4.26,2.721,11.7,8.13,,,,,,,,,,,,,,,,,,,,,,,,,,,,,,,,,,,,,,,,,,,
ISI-032c,ISI-032,JIANGSU HIGEE,Lithium Iron Phosphate,LFP,Prismatic,HJLFP48173170E-120Ah,Active,Prismatic,5500,80,355,120,3.65,3.2,2.5,120,240,0.5,2860,475,120,60,0.5,0.5,165,48,174,21,06.07.2019,CC-CV,0.02,80%,0,50,-20,40,8.57,4.3,6.829,11.7,12.855,,,,,,,,,,,,,,,,,,,,,,,,,,,,,,,,,,,,,,,,,,,
ISI-033a,ISI-033,EVE Energy,Lithium Iron Phosphate,LFP,Prismatic,LF280-72174,Active,Prismatic,3500,70,355,280,3.65,3.2,2.5,140,280,1,5220,475,280,140,1,0.5,205,72,174,21,30.04.2019,CC-CV,0.05,80%,-20,50,-10,25,5.92,4.3,0.709,14.4,10.36,,,,,,,,,,,,,,,,,,,,,,,,,,,,,,,,,,,,,,,,,,,
ISI-033b,ISI-033,EVE Energy,Lithium Iron Phosphate,LFP,Prismatic,LF280-72174,Active,Prismatic,1800,70,355,280,3.65,3.2,2.5,140,280,1,5220,475,280,140,1,0.5,205,72,174,21,30.04.2019,CC-CV,0.05,80%,0,55,-20,30,8.54,4.27,2.434,16.2,14.945,,,,,,,,,,,,,,,,,,,,,,,,,,,,,,,,,,,,,,,,,,,
ISI-034a,ISI-034,EVE Energy,Lithium Iron Phosphate,LFP,Pouch,LF280K-72174,Active,Prismatic,6000,70,355,280,3.65,3.2,2.5,140,280,0.5,5420,475,280,140,0.5,0.5,205,72,174,21,23.03.2021,CC-CV,0.05,80%,0,55,0,35,3.93,4.23,3.961,17.1,6.8775,,,,,,,,,,,,,,,,,,,,,,,,,,,,,,,,,,,,,,,,,,,
ISI-034b,ISI-034,EVE Energy,Lithium Iron Phosphate,LFP,Prismatic,LF280K-72174,Active,Prismatic,2500,70,355,280,3.65,3.2,2.5,140,280,0.5,5420,475,280,140,0.5,0.5,205,72,174,21,23.03.2021,CC-CV,0.05,80%,-20,55,0,30,7.63,4.29,8.369,10.8,13.3525,,,,,,,,,,,,,,,,,,,,,,,,,,,,,,,,,,,,,,,,,,,
ISI-035,ISI-035,Lishen,Lithium Iron Phosphate,LFP,Prismatic,LP44147272-130Ah,Active,Prismatic,2000,80,355,130,3.65,3.2,2.5,39,234,0.333333333,3425,475,117,39,0.333333333,1,260,44,148,21,17.02.2017,CC-CV,0.05,80%,-20,55,-10,40,8.18,4.2,4.899,11.7,12.27,,,,,,,,,,,,,,,,,,,,,,,,,,,,,,,,,,,,,,,,,,,
ISI-036,ISI-036,Lishen,Lithium Iron Phosphate,LFP,Prismatic,LP37173207-150Ah,Active,Prismatic,3000,80,355,150,3.65,3.2,2.5,75,150,1,2900,475,150,75,1,1,208,37,174,21,19.09.2019,CC-CV,0.05,80%,0,50,-10,35,8.87,4.28,5.193,10.8,13.305,,,,,,,,,,,,,,,,,,,,,,,,,,,,,,,,,,,,,,,,,,,
ISI-037,ISI-037,Lishen,Lithium Iron Phosphate,LFP,Prismatic,LP54173210-202Ah,Active,Prismatic,3000,80,355,202,3.65,3.2,2.5,101,202,1,3900,475,202,101,1,1,210,54,174,21,23.01.2018,CC-CV,0.05,80%,0,55,0,40,4.15,4.28,4.312,10.8,6.225,,,,,,,,,,,,,,,,,,,,,,,,,,,,,,,,,,,,,,,,,,,
ISI-038,ISI-038,Lishen,Lithium Iron Phosphate,LFP,Prismatic,LP71173207-272Ah,Active,Prismatic,2000,80,355,272,3.65,3.2,2.5,136,272,1,5302,475,272,136,1,1,208,72,174,21,15.06.2019,CC-CV,0.05,80%,-20,55,0,35,6.39,4.27,8.981,10.8,9.585,,,,,,,,,,,,,,,,,,,,,,,,,,,,,,,,,,,,,,,,,,,
ISI-039,ISI-039,CRJ Technology Limited,Lithium Iron Phosphate,LFP,Prismatic,RJ-LFP71173200-271,Active,Prismatic,6000,80,355,271,3.65,3.2,2.5,54.2,542,1,5400,475,271,54.2,1,0.5,200,72,174,21,-,CC-CV,0.02,100%,-20,60,0,40,7.16,4.23,0.84,16.2,10.74,,,,,,,,,,,,,,,,,,,,,,,,,,,,,,,,,,,,,,,,,,,
ISI-04,ISI-04,Kokam,Nickel rich,NMC,Pouch,SLPB120216216,Active,Prismatic,6000,70,418,53,4.2,3.7,2.7,10.6,265,1,1095,475,106,10.6,1,0.5,227,12,226,21,KKDS-20200514-BM-CEL-19 ,CC-CV,0.02,90%,-20,50,-10,30,2.43,4.23,2.207,10.8,6.075,,,,,,,,,,,,,,,,,,,,,,,,,,,,,,,,,,,,,,,,,,,
ISI-040,ISI-040,Sinopoly,Lithium Iron Phosphate,LFP,Prismatic,Sinopoly 100 Ah,Active,Prismatic,2000,80,355,100,3.65,3.2,2.5,33,300,1,3150,475,200,33,1,0.5,221,61,142,21,-,CC-CV,0.02,80%,-20,50,0,40,5.79,4.26,2.622,18,8.685,,,,,,,,,,,,,,,,,,,,,,,,,,,,,,,,,,,,,,,,,,,
ISI-041,ISI-041,Sinopoly,Lithium Iron Phosphate,LFP,Prismatic,Sinopoly 400 Ah,Active,Prismatic,1500,80,355,400,3.65,3.2,2.5,132,400,1,12800,475,400,132,1,0.5,450,71,285,21,-,CC-CV,0.02,80%,-10,50,-20,30,2.46,4.21,4.933,14.4,3.69,,,,,,,,,,,,,,,,,,,,,,,,,,,,,,,,,,,,,,,,,,,
ISI-042,ISI-042,A123,Nickel rich,NMC,Pouch,A123 39AH,Active,Prismatic,500,80,355,39,4.2,3.65,2.7,19.5,117,1,820,475,78,19.5,1,0.5,268,7,228,21,-,CC-CV,0.02,80%,-10,50,0,40,2.54,4.24,1.486,8.1,5.08,,,,,,,,,,,,,,,,,,,,,,,,,,,,,,,,,,,,,,,,,,,
ISI-043,ISI-043,A123,Lithium Iron Phosphate,LFP,Pouch,A123 50AH,Active,Prismatic,2000,80,355,50,3.65,3.3,2.5,25,50,1,1167,475,50,25,1,0.5,268,10.8,228,21,2021,CC-CV,0.02,80%,0,55,-10,35,4.72,4.29,1.117,18,7.08,,,,,,,,,,,,,,,,,,,,,,,,,,,,,,,,,,,,,,,,,,,
ISI-044,ISI-044,A123,Nickel rich,NMC,Pouch,A123 26AH,Active,Prismatic,500,80,355,26,4.2,3.65,2.7,5.2,26,1,550,475,26,5.2,1,0.5,227,7.5,161,21,2016,CC-CV,0.02,80%,-20,60,-10,35,5.65,4.25,2.707,8.1,11.3,,,,,,,,,,,,,,,,,,,,,,,,,,,,,,,,,,,,,,,,,,,
ISI-045,ISI-045,A123,Nickel rich,NMC,Pouch,A123 32AH,Active,Prismatic,2500,80,355,32,4.2,3.65,2.7,32,192,1,561,475,64,32,1,0.5,227,7.5,161,21,2018,CC-CV,0.02,80%,-20,55,0,40,3.21,4.22,0.472,7.2,6.42,,,,,,,,,,,,,,,,,,,,,,,,,,,,,,,,,,,,,,,,,,,
ISI-046,ISI-046,A123,Lithium Iron Phosphate,LFP,Pouch,AMP20M1HD-A,Active,Prismatic,3000,90,247,19.6,3.65,3.3,2.5,3.92,360,2,496,475,300,3.92,1,0.5,227,7.5,161,21,"MD100105-02, 2011",CC-CV,0.02,100%,0,50,-10,40,3.94,4.27,0.764,12.6,4.925,,,,,,,,,,,,,,,,,,,,,,,,,,,,,,,,,,,,,,,,,,,
ISI-047,ISI-047,AutoEnergy,Lithium Iron Phosphate,LFP,Cylindrical,50Ah 55380,Active,Cyl,500,80,355,50,3.65,3.2,2.5,10,10,1,1550,475,4,10,1,0.5,55,380,174,55,2021,CC-CV,0.05,80%,-20,55,-20,35,9.02,4.27,0.111,14.4,13.53,,,,,,,,,,,,,,,,,,,,,,,,,,,,,,,,,,,,,,,,,,,
ISI-048,ISI-048,BAK,Nickel rich,NMC811,Cylindrical,N21700CB-48,Active,Cyl,1000,80,355,4.8,4.2,3.6,2.5,0.96,14.4,1,70,475,4.8,0.96,0.5,0.5,21,70,174,21,P/PR03/PB-D-N21700CB-48-LS ,CC-CV,0.02,80%,-20,60,-20,35,5.3,4.24,0.121,10.8,9.54,,,,,,,,,,,,,,,,,,,,,,,,,,,,,,,,,,,,,,,,,,,
ISI-049,ISI-049,BAK,Nickel rich,NMC,Cylindrical,26650HC2,Active,Cyl,1000,80,355,5,4.2,3.6,2.5,2.5,10,1,95,475,5,2.5,1,0.5,26,65,174,26,2021,CC-CV,0.02,80%,-20,60,-20,35,8.04,4.21,0.169,9.9,16.08,,,,,,,,,,,,,,,,,,,,,,,,,,,,,,,,,,,,,,,,,,,
ISI-05,ISI-05,Kokam,Nickel rich,NMC,Pouch,SLPB120216216,Active,Prismatic,4000,80,319,53,4.2,3.7,2.7,10.6,265,1,1160,475,106,10.6,1,0.5,227,12,226,21,-,CC-CV,0.02,80%,-20,60,0,25,1.75,4.3,2.069,7.2,3.5,,,,,,,,,,,,,,,,,,,,,,,,,,,,,,,,,,,,,,,,,,,
ISI-050,ISI-050,CATL,Lithium Iron Phosphate,LFP,Prismatic,100Ah CATL LiFePO4,Active,Prismatic,500,80,355,100,3.65,3.2,2.5,50,100,1,2270,475,100,50,1,0.5,200,33,172,21,-,CC-CV,0.02,80%,0,55,0,40,5.03,4.23,3.886,17.1,7.545,,,,,,,,,,,,,,,,,,,,,,,,,,,,,,,,,,,,,,,,,,,
ISI-051,ISI-051,CATL,Lithium Iron Phosphate,LFP,Prismatic,120Ah CATL LiFePO4,Active,Prismatic,500,80,355,120,3.65,3.2,2.5,24,240,1,2840,475,120,60,1,0.5,174,48,172,21,-,CC-CV,0.02,80%,-20,60,-20,25,5.36,4.21,4.686,11.7,8.04,,,,,,,,,,,,,,,,,,,,,,,,,,,,,,,,,,,,,,,,,,,
ISI-052,ISI-052,CATL,Lithium Iron Phosphate,LFP,Prismatic,280Ah CATL LiFePO4,Active,Prismatic,12000,80,355,280,3.65,3.2,2.5,56,560,1,5340,475,280,140,1,0.5,208,72,174,21,-,CC-CV,0.02,80%,0,60,-10,35,2.83,4.28,2.659,10.8,4.245,,,,,,,,,,,,,,,,,,,,,,,,,,,,,,,,,,,,,,,,,,,
ISI-053,ISI-053,CATL,Nickel rich,NMC 811,Prismatic,50Ah CATL 811,Active,Prismatic,3000,80,355,50,4.2,3.65,3,10,100,1,850,475,50,25,1,0.5,148,27,98,21,-,CC-CV,0.02,80%,-20,55,-20,30,8.22,4.21,3.071,9,14.796,,,,,,,,,,,,,,,,,,,,,,,,,,,,,,,,,,,,,,,,,,,
ISI-054,ISI-054,ENERDEL,Nickel rich,NMC,Pouch,CE175-360 Moxie+,Active,Prismatic,4000,70,355,17.5,4.1,3.6,2.5,3.5,17.5,0.5,430,475,17.5,3.5,0.5,0.5,253,5.8,172,21,File No.: 07-10004-04,CC-CV,0.02,100%,-10,50,0,35,7.91,4.28,0.543,7.2,19.775,,,,,,,,,,,,,,,,,,,,,,,,,,,,,,,,,,,,,,,,,,,
ISI-055,ISI-055,ENERDEL,Nickel rich,NMC,Pouch,CE250-370 Moxie+,Active,Prismatic,3000,80,355,17.5,4.2,3.7,2.7,3.5,52.5,2,850,475,35,3.5,2,0.5,253,5.7,172,21,File No.: 07-20001-00,CC-CV,0.02,90%,0,60,-10,30,3.58,4.24,0.763,9.9,7.16,,,,,,,,,,,,,,,,,,,,,,,,,,,,,,,,,,,,,,,,,,,
ISI-056,ISI-056,ENERDEL,Nickel rich,NMC,Pouch,CP160-365 Moxie+,Active,Prismatic,4000,70,355,16,4.1,3.65,2.5,8,16,0.5,430,475,16,8,0.5,0.5,253,5.9,172,21,File No.: 07-10005-05,CC-CV,0.02,100%,-20,60,-20,35,6.32,4.26,2.41,7.2,15.8,,,,,,,,,,,,,,,,,,,,,,,,,,,,,,,,,,,,,,,,,,,
ISI-057,ISI-057,ENERTECH,Nickel rich,"NMC, NCA, NMC/NCA",Pouch,SPB 58253172EG1 / 17Ah,Active,Prismatic,4000,80,355,17.5,4.1,3.65,2.5,5.833333333,52.5,1,430,475,35,5.833333333,1,0.5,253,5.8,172,21,-,CC-CV,0.02,80%,-20,55,-20,30,6.69,4.3,1.324,9.9,12.042,,,,,,,,,,,,,,,,,,,,,,,,,,,,,,,,,,,,,,,,,,,
ISI-058,ISI-058,ENERTECH,Nickel rich,"NMC, NCA, NMC/NCA",Pouch,SPB 58253172P3 / 23Ah,Active,Prismatic,2500,80,355,23,4.2,3.7,2.7,11.5,115,1,470,475,69,11.5,1,0.5,253,5.8,172,21,-,CC-CV,0.02,100,0,50,0,35,7.8,4.25,2.451,9,14.04,,,,,,,,,,,,,,,,,,,,,,,,,,,,,,,,,,,,,,,,,,,
ISI-059,ISI-059,ENERTECH,Nickel rich,"NMC, NCA, NMC/NCA",Pouch,SPB 58253172V2 / 22Ah,Active,Prismatic,4000,80,355,22,4.2,3.75,2.7,11,110,1,480,475,66,11,1,0.5,253,5.8,172,21,-,CC-CV,0.02,80%,-20,55,-10,35,7.35,4.2,1.522,10.8,13.23,,,,,,,,,,,,,,,,,,,,,,,,,,,,,,,,,,,,,,,,,,,
ISI-06,ISI-06,Kokam,Nickel rich,NMC,Pouch,SLPB120216216G1,Active,Prismatic,6000,70,463,60,4.2,3.68,2.7,12,180,1,1140,475,120,12,1,0.5,227,12,226,21,KKDS-20200429-BM-CEL-09 ,CC-CV,0.02,90%,-10,55,-10,40,5.25,4.21,4.826,7.2,13.125,,,,,,,,,,,,,,,,,,,,,,,,,,,,,,,,,,,,,,,,,,,
ISI-060,ISI-060,ENERTECH,Nickel rich,"NMC, NCA, NMC/NCA",Pouch,SPB 58253172V3 / 25Ah,Active,Prismatic,4000,80,355,25,4.2,3.7,2.7,8.3,75,1,480,475,50,8.3,1,0.5,253,5.8,172,21,-,CC-CV,0.02,80%,-20,50,-20,25,6.77,4.27,0.947,9.9,12.186,,,,,,,,,,,,,,,,,,,,,,,,,,,,,,,,,,,,,,,,,,,
ISI-061,ISI-061,ENERTECH,Nickel rich,NMC 811,Pouch,58253172V4 / 30Ah,Active,Prismatic,4000,80,440,25,4.2,3.7,2.7,10,60,1,520,475,30,10,1,0.5,253,5.8,172,21,-,CC-CV,0.02,80%,-10,60,-20,35,7.47,4.21,2.831,9,13.446,,,,,,,,,,,,,,,,,,,,,,,,,,,,,,,,,,,,,,,,,,,
ISI-062,ISI-062,ENERTECH,Nickel rich,"NMC, NCA, NMC/NCA",Pouch,SPB 59235172PG1,Active,Prismatic,4000,90,355,16,4.1,3.65,2.5,5.333333333,80,1,430,475,80,5.333333333,1,0.5,253,5.8,172,21,-,CC-CV,0.02,80%,-20,55,-20,30,7.92,4.22,1.549,7.2,11.088,,,,,,,,,,,,,,,,,,,,,,,,,,,,,,,,,,,,,,,,,,,
ISI-063,ISI-063,ENERTECH,Nickel rich,"NMC, NCA, NMC/NCA",Pouch,SPB 70115145 / 12 Ah,Active,Prismatic,4000,90,355,12,4.1,3.65,2.5,6,24,1,240,475,12,6,1,0.5,253,5.8,172,21,-,CC-CV,0.02,80%,0,50,-20,25,4.49,4.24,0.38,9,6.286,,,,,,,,,,,,,,,,,,,,,,,,,,,,,,,,,,,,,,,,,,,
ISI-064,ISI-064,ENERTECH,Nickel rich,"NMC, NCA, NMC/NCA",Pouch,SPB 90190260V2 / 40Ah,Active,Prismatic,2000,80,355,40,4.2,3.7,3,20,160,1,990,475,40,20,1,0.5,260,9,190,21,-,CC-CV,0.05,80%,-20,60,-20,30,7.43,4.26,2.981,9.9,13.374,,,,,,,,,,,,,,,,,,,,,,,,,,,,,,,,,,,,,,,,,,,
ISI-065,ISI-065,ENERTECH,Nickel rich,"NMC, NCA, NMC/NCA",Pouch,SPB704684,Active,Prismatic,500,80,451,3.3,4.2,3.7,3,1.65,6.6,1,60,475,3.3,1.65,1,0.5,84,7,46,21,18.07.2012,CC-CV,0.02,80%,-20,55,-20,30,3.06,4.23,1.115,7.2,5.508,,,,,,,,,,,,,,,,,,,,,,,,,,,,,,,,,,,,,,,,,,,
ISI-066,ISI-066,GeneralElectronics,Nickel rich,LFP,Pouch,GEB 126090,Active,Prismatic,300,80,355,8.8,4.2,3.7,2.75,1.76,8.8,0.2,155,475,8.8,1.76,0.2,1,90,12,60,21,-,CC-CV,0.02,80%,0,55,-10,30,4.54,4.28,1.459,14.4,6.81,,,,,,,,,,,,,,,,,,,,,,,,,,,,,,,,,,,,,,,,,,,
ISI-067,ISI-067,GeneralElectronics,Nickel rich,LFP,Pouch,GEB 855085,Active,Prismatic,500,80,355,4.1,4.2,3.7,2.75,0.82,4.1,0.2,70,475,4.1,0.82,0.2,1,85,8.5,50,21,-,CC-CV,0.02,80%,-10,60,-20,25,2.28,4.2,2.67,16.2,3.42,,,,,,,,,,,,,,,,,,,,,,,,,,,,,,,,,,,,,,,,,,,
ISI-068,ISI-068,GeneralElectronics,Nickel rich,LFP,Pouch,GEB 9059156,Active,Prismatic,500,80,355,10,4.2,3.7,2.75,2,10,0.2,200,475,10,2,0.2,1,156,9,60,21,-,CC-CV,0.05,80%,0,60,-10,40,1.5,4.24,1.567,16.2,2.25,,,,,,,,,,,,,,,,,,,,,,,,,,,,,,,,,,,,,,,,,,,
ISI-069,ISI-069,GeneralElectronics,Nickel rich,LFP,Cylindrical,GEB 21700,Active,Cyl,1000,80,355,4,4.2,3.7,2.75,0.8,12,0.2,69,475,2,0.8,0.2,0.5,21.8,70.5,174,21.8,04.07.2018,CC-CV,0.02,80%,0,55,-20,30,5.61,4.29,0.099,14.4,8.415,,,,,,,,,,,,,,,,,,,,,,,,,,,,,,,,,,,,,,,,,,,
ISI-07,ISI-07,Kokam,Nickel rich,NMC,Pouch,SLPB120216216G2,Active,Prismatic,3000,70,525,70,4.2,3.67,2.7,14,140,1,1150,475,70,14,1,0.5,227,12.3,226,21,KKDS-20200514-BM-CEL-21 ,CC-CV,0.02,90%,-20,55,-20,30,6.47,4.21,0.327,7.2,16.175,,,,,,,,,,,,,,,,,,,,,,,,,,,,,,,,,,,,,,,,,,,
ISI-070,ISI-070,GeneralElectronics,Nickel rich,LFP,Cylindrical,GEB 26650,Active,Cyl,1000,80,355,5,4.2,3.7,2.75,1,5,0.2,80,475,2.5,1,0.2,0.5,26,65,174,26,30.07.2018,CC-CV,0.01,80%,-10,60,0,40,4.73,4.25,0.127,17.1,7.095,,,,,,,,,,,,,,,,,,,,,,,,,,,,,,,,,,,,,,,,,,,
ISI-071,ISI-071,GeneralElectronics,Nickel rich,LFP,Cylindrical,GEB 32650,Active,Cyl,1000,80,355,6,4.2,3.7,2.75,3,6,0.2,140,475,3,1.2,0.2,0.5,32,65,174,32,06.03.2019,CC-CV,0.01,80%,-20,60,0,35,7.34,4.22,0.033,11.7,11.01,,,,,,,,,,,,,,,,,,,,,,,,,,,,,,,,,,,,,,,,,,,
ISI-072,ISI-072,Great Power,Nickel rich,LFP,Cylindrical,GP 21700,Active,Cyl,1000,80,355,4.7,4.2,3.7,2.75,0.94,7.05,0.2,140,475,2.4,0.96,0.2,0.5,21.8,70.5,174,21.8,27.03.2018,CC-CV,0.02,80%,-10,50,-10,25,6.39,4.25,0.156,14.4,9.585,,,,,,,,,,,,,,,,,,,,,,,,,,,,,,,,,,,,,,,,,,,
ISI-073,ISI-073,Hitachi,Nickel rich,LFP,Pouch,L0578G1A1,Active,Prismatic,1000,80,355,5,4.2,3.7,2.75,1,15,2,137,475,7.5,1,2,0.5,161,6.5,78,21,2.2013,CC-CV,0.1,80%,-10,50,0,25,2.01,4.25,2.142,10.8,3.015,,,,,,,,,,,,,,,,,,,,,,,,,,,,,,,,,,,,,,,,,,,
ISI-074,ISI-074,Hitachi,Nickel rich,LFP,Pouch,L13A0N2C1,Active,Prismatic,1000,80,355,13,4.2,3.7,2.75,2.6,39,2,270,475,13,2.6,2,0.5,222,6.7,100,21,2.2013,CC-CV,0.1,80%,-20,50,-10,40,6.72,4.27,0.413,18,10.08,,,,,,,,,,,,,,,,,,,,,,,,,,,,,,,,,,,,,,,,,,,
ISI-075,ISI-075,Hitachi,Nickel rich,LFP,Pouch,L15A0N2C1,Active,Prismatic,1000,80,355,15,4.2,3.7,2.75,3,45,2,307,475,15,3,2,0.5,222,7.5,100,21,2.2013,CC-CV,0.1,80%,-10,55,0,30,4.45,4.27,0.171,17.1,6.675,,,,,,,,,,,,,,,,,,,,,,,,,,,,,,,,,,,,,,,,,,,
ISI-076,ISI-076,KeepPower,Nickel rich,LFP,Cylindrical,KP 21700,Active,Cyl,500,80,355,4,4.2,3.7,2.75,0.8,4,0.2,69,475,2,0.96,0.2,0.5,21.8,70.5,174,21.8,-,CC-CV,0.02,80%,0,60,-10,35,6.26,4.21,0.119,14.4,9.39,,,,,,,,,,,,,,,,,,,,,,,,,,,,,,,,,,,,,,,,,,,
ISI-077a,ISI-077,LECLANCHÉ,Lithium Titanate,LTO,Pouch,LT 34 Ah (936901),Active,Prismatic,20000,80,355,34,2.8,2.2,1.5,34,204,4,1080,475,204,34,4,0.5,286,12,178.5,21,LT34 EN D20212_1,CC-CV,0.02,80%,0,50,-10,35,3.53,4.22,0.534,20.7,4.942,,,,,,,,,,,,,,,,,,,,,,,,,,,,,,,,,,,,,,,,,,,
ISI-077b,ISI-077,LECLANCHÉ,Lithium Titanate,LTO,Pouch,LT 34 Ah (936901),Active,Prismatic,15000,80,355,34,2.8,2.2,1.5,34,204,4,1080,475,204,34,4,0.5,286,12,178.5,21,LT34 EN D20212_1,CC-CV,0.02,100%,-20,55,0,25,4.69,4.21,1.875,20.7,6.566,,,,,,,,,,,,,,,,,,,,,,,,,,,,,,,,,,,,,,,,,,,
ISI-078a,ISI-078,LECLANCHÉ,Nickel rich,NMC,Pouch,GL60 (936A04),Active,Prismatic,8000,80,355,60,4.2,3.7,3,12,180,1,1120,475,60,12,1,0.5,286,12,178.5,21,GL60 EN D201910_2,CC-CV,0.02,100%,-10,50,-20,30,7.34,4.26,0.844,9,14.68,,,,,,,,,,,,,,,,,,,,,,,,,,,,,,,,,,,,,,,,,,,
ISI-078b,ISI-078,LECLANCHÉ,Nickel rich,NMC,Pouch,GL60 (936A04),Active,Prismatic,4500,80,355,60,4.2,3.7,3,12,180,1,1120,475,60,12,1,0.5,286,12,178.5,21,GL60 EN D201910_2,CC-CV,0.02,80%,-20,50,-20,30,2.89,4.24,2.259,7.2,5.78,,,,,,,,,,,,,,,,,,,,,,,,,,,,,,,,,,,,,,,,,,,
ISI-079a,ISI-079,LECLANCHÉ,Nickel rich,NMC 622,Pouch,GL65,Active,Prismatic,7000,80,355,65,4.35,3.72,3,13,195,1,1120,475,65,13,1,0.5,286,12,178.5,21,GL65 EN-EUR B20213_0,CC-CV,0.02,100%,-10,60,0,25,1.93,4.25,2.169,10.8,3.474,,,,,,,,,,,,,,,,,,,,,,,,,,,,,,,,,,,,,,,,,,,
ISI-079b,ISI-079,LECLANCHÉ,Nickel rich,NMC 622,Pouch,GL65,Active,Prismatic,4000,80,355,65,4.35,3.72,3,13,195,1,1120,475,65,13,1,0.5,286,12,178.5,21,GL65 EN-EUR B20213_0,CC-CV,0.02,80%,-10,60,0,30,7.84,4.25,3.157,9,14.112,,,,,,,,,,,,,,,,,,,,,,,,,,,,,,,,,,,,,,,,,,,
ISI-08,ISI-08,Kokam,Nickel rich,NMC,Pouch,SLPB120255255,Active,Prismatic,6000,70,423,75,4.2,3.7,2.7,15,225,1,1535,475,75,15,1,0.5,265,11.8,268,21,KKDS-20200514-BM-CEL-22 ,CC-CV,0.02,90%,0,55,0,25,6.48,4.22,0.965,9.9,16.2,,,,,,,,,,,,,,,,,,,,,,,,,,,,,,,,,,,,,,,,,,,
ISI-080,ISI-080,LG Chem,Nickel rich,NMC,Cylindrical,INR18650 MJ1,Active,Cyl,400,80,355,3.5,4.2,3.635,2.5,0.7,10,1.142857143,49,475,3.4,0.96,0.428571429,0.5,18,65,174,18,-,CC-CV,0.02,80%,0,50,-10,30,4.31,4.26,0.076,9.9,8.62,,,,,,,,,,,,,,,,,,,,,,,,,,,,,,,,,,,,,,,,,,,
ISI-081,ISI-081,LG Chem,Nickel rich,NMC,Cylindrical,INR21700 M50T,Active,Cyl,300,80,355,4.8,4.2,3.635,2.5,0.96,14.55,0.33,69,475,3.395,1.455,0.33,0.5,21,70,174,21,16.07.2018,CC-CV,0.02,80%,-20,55,-10,40,3.08,4.21,0.137,7.2,6.16,,,,,,,,,,,,,,,,,,,,,,,,,,,,,,,,,,,,,,,,,,,
ISI-082,ISI-082,LG Chem,Nickel rich,NMC 811,Cylindrical,INR21700 M50,Active,Cyl,500,80,355,4.8,4.2,3.635,2.5,0.96,14.55,0.33,68.5,475,3.395,1.455,0.33,0.5,21,70,174,21,22.09.2017,CC-CV,0.02,80%,0,50,-20,25,2.93,4.25,0.184,9.9,5.274,,,,,,,,,,,,,,,,,,,,,,,,,,,,,,,,,,,,,,,,,,,
ISI-083,ISI-083,Lishen,Nickel rich,NCA,Cylindrical,LR2170SA,Active,Cyl,1000,80,355,4,4.2,3.65,2.5,2,12,1,68,475,2,0.8,0.5,0.5,21,70,174,21,19.05.2017,CC-CV,0.02,80%,-20,55,-10,30,9.46,4.3,0.07,9,20.812,,,,,,,,,,,,,,,,,,,,,,,,,,,,,,,,,,,,,,,,,,,
ISI-084,ISI-084,OSN,Lithium Titanate,LTO,Pouch,OSN-08198255-LT28,Active,Prismatic,30000,80,355,28,2.8,2.4,1.6,28,420,1,70,475,168,28,1,0.5,225,8,198,21,2021,CC-CV,0.02,80%,-20,60,-20,25,2.73,4.22,0.877,20.7,3.822,,,,,,,,,,,,,,,,,,,,,,,,,,,,,,,,,,,,,,,,,,,
ISI-085,ISI-085,Panasonic,Nickel rich,NCA,Cylindrical,Panasonic NCR21700A,Active,Cyl,1000,80,355,5,4.2,3.65,2.5,1,15,1,70,475,3,1,1,0.5,21,70,174,21,2021,CC-CV,0.02,80%,-10,55,-20,25,6.71,4.27,0.146,9.9,14.762,,,,,,,,,,,,,,,,,,,,,,,,,,,,,,,,,,,,,,,,,,,
ISI-086,ISI-086,Panasonic,Nickel rich,NCA,Cylindrical,NCR20700A,Active,Cyl,300,80,512,3.3,4.2,3.65,2.5,0.66,20,3,60,475,2.2,0.66,1,0.5,20,70,174,20,-,CC-CV,0.03,80%,-10,50,0,35,6.02,4.22,0.142,9.9,13.244,,,,,,,,,,,,,,,,,,,,,,,,,,,,,,,,,,,,,,,,,,,
ISI-087,ISI-087,Panasonic,Nickel rich,NCA,Cylindrical,NCR20700B,Active,Cyl,500,80,659,4,4.2,3.65,2.5,0.8,12,2,63,475,2,0.8,0.5,0.5,20,70,174,20,-,CC-CV,0.03,80%,0,60,0,30,9.52,4.26,0.051,8.1,20.944,,,,,,,,,,,,,,,,,,,,,,,,,,,,,,,,,,,,,,,,,,,
ISI-088,ISI-088,Samsung,Nickel rich,NCA,Cylindrical,INR21700-40T,Active,Cyl,250,60,355,4,4.2,3.635,2.5,0.8,10,8,70,475,6,2,1.5,0.5,21,70,174,21,12.2017,CC-CV,0.03,80%,-20,50,-10,35,6.59,4.3,0.191,9,22.406,,,,,,,,,,,,,,,,,,,,,,,,,,,,,,,,,,,,,,,,,,,
ISI-089,ISI-089,Samsung,Nickel rich,NCA,Cylindrical,INR21700-48G,Active,Cyl,500,60,355,4.8,4.2,3.635,2.5,0.96,9.6,1,70,475,4.8,1.44,0.3,0.5,21,70,174,21,10.2015,CC-CV,0.02,80%,-20,55,-10,30,8.1,4.29,0.146,9.9,27.54,,,,,,,,,,,,,,,,,,,,,,,,,,,,,,,,,,,,,,,,,,,
ISI-09,ISI-09,Kokam,Nickel rich,NMC,Pouch,SLPB130255255G1,Active,Prismatic,6000,70,503,103,4.2,3.7,2.7,20.6,206,1,1810,475,103,20.6,1,0.5,265,13.3,268,21,-,CC-CV,0.02,90%,-20,60,-20,40,2.39,4.22,2.856,9.9,5.975,,,,,,,,,,,,,,,,,,,,,,,,,,,,,,,,,,,,,,,,,,,
ISI-090,ISI-090,VAPCELL,Nickel rich,NMC,Cylindrical,INR21700,Active,Cyl,500,80,355,4.5,4.2,3.6,2.5,0.9,20,1,72,475,3,1.5,1,0.5,21,70,174,21,24.05.2011,CC-CV,0.02,80%,0,55,0,35,4.77,4.22,0.187,9,9.54,,,,,,,,,,,,,,,,,,,,,,,,,,,,,,,,,,,,,,,,,,,
ISI-091,ISI-091,Eagle Picher Technologies LLC,Nickel rich,"NMC, NCA, NMC/NCA",Prismatic,LiBG18EV-1,Active,Prismatic,2000,80,210,17,4.1,3.7,2.5,8.5,2000,0.5,810,475,27.5,1.1,1,0.5,229,9.8,142,21,-,CC-CV,0.02,80%,-10,55,0,40,8.37,4.21,0.793,9,15.066,,,,,,,,,,,,,,,,,,,,,,,,,,,,,,,,,,,,,,,,,,,
ISI-092,ISI-092,Eagle Picher Technologies LLC,Nickel rich,"NMC, NCA, NMC/NCA",Prismatic,SLC-16050-003,Active,Prismatic,500,80,305.4,62.5,4.1,3.7,3,31.25,62.5,1,2020,475,125,31.25,1,0.5,172.7,58.4,81.5,21,-,CC-CV,0.02,80%,-20,60,-10,25,5.95,4.26,5.248,9.9,10.71,,,,,,,,,,,,,,,,,,,,,,,,,,,,,,,,,,,,,,,,,,,
ISI-093,ISI-093,Eagle Picher Technologies LLC,Nickel rich,"NMC, NCA, NMC/NCA",Prismatic,SLC-21060-001,Active,Prismatic,500,80,324.1,72,4.1,3.7,3,36,72,1,1974,475,146,36,1,0.5,173,56.9,81.5,21,-,CC-CV,0.02,80%,0,60,-20,30,3.5,4.22,2.784,9.9,6.3,,,,,,,,,,,,,,,,,,,,,,,,,,,,,,,,,,,,,,,,,,,
ISI-094,ISI-094,Eagle Picher Technologies LLC,Nickel rich,NCA,Prismatic,LP 32975,Active,Prismatic,2000,80,285,12,4.1,3.6,3,2.4,96,0.5,465,475,4,6,0.5,0.5,97.9,25.3,71,21,LP32975-0419,CC-CV,0.02,100%,-10,60,0,40,6.18,4.24,4.115,9,13.596,,,,,,,,,,,,,,,,,,,,,,,,,,,,,,,,,,,,,,,,,,,
ISI-095,ISI-095,Eagle Picher Technologies LLC,Nickel rich,NCA,Prismatic,LP 33037,Active,Prismatic,2000,80,393,60,4.1,3.6,3,12,250,0.5,1600,475,4,12,0.5,0.5,141.3,34,137.7,21,-,CC-CV,0.02,100%,-10,50,0,35,4.78,4.29,7.95,9.9,10.516,,,,,,,,,,,,,,,,,,,,,,,,,,,,,,,,,,,,,,,,,,,
ISI-096,ISI-096,Eagle Picher Technologies LLC,Nickel rich,NCA,Prismatic,LP 33081,Active,Prismatic,2000,80,335,30,4.1,3.6,3,6,150,0.5,950,475,4,6,0.5,0.5,140.5,28.1,95.7,21,LP33081-0419 ,CC-CV,0.02,100%,0,50,0,35,5.06,4.21,1.832,8.1,11.132,,,,,,,,,,,,,,,,,,,,,,,,,,,,,,,,,,,,,,,,,,,
ISI-097,ISI-097,Eagle Picher Technologies LLC,Nickel rich,NCA,Prismatic,LP 33330,Active,Prismatic,500,80,263,6,4.1,3.6,3,1.2,24,1,222,475,4,1,1,0.5,77.8,22.2,49.8,21,-,CC-CV,0.02,100%,-20,50,-20,35,3.8,4.22,2.195,8.1,8.36,,,,,,,,,,,,,,,,,,,,,,,,,,,,,,,,,,,,,,,,,,,
ISI-098,ISI-098,Eagle Picher Technologies LLC,Nickel rich,NCA,Prismatic,LP 33450,Active,Prismatic,2000,80,378,43,4.1,3.6,3,8.6,200,0.5,1270,475,4,21.5,0.5,0.5,151.7,30.7,106.7,21,LP33450-0319 ,CC-CV,0.02,100%,-20,55,-10,40,5.65,4.22,2.17,9.9,12.43,,,,,,,,,,,,,,,,,,,,,,,,,,,,,,,,,,,,,,,,,,,
ISI-099,ISI-099,Eagle Picher Technologies LLC,Nickel rich,NCA,Prismatic,LP 34100,Active,Prismatic,500,80,165,5,4.1,3.6,3,0.8,500,1,275,475,4,2.5,1,0.5,143.2,7.4,105.9,21,-,CC-CV,0.02,100%,0,60,0,30,3.28,4.22,0.595,9.9,7.216,,,,,,,,,,,,,,,,,,,,,,,,,,,,,,,,,,,,,,,,,,,
ISI-100,ISI-100,Amita Technologies,Nickel rich,NMC,Pouch,9299130NE,Active,Prismatic,1500,70,512,16.8,4.2,3.7,2.8,3.2,32,1,240,475,16,3.2,1,0.33,130,9.2,99,21,-,CC-CV,0.05,100%,-20,55,0,35,4.88,4.25,1.515,9.9,12.2,,,,,,,,,,,,,,,,,,,,,,,,,,,,,,,,,,,,,,,,,,,
ISI-101,ISI-101,Amita Technologies,Nickel rich,NMC / LTO,Prismatic,120155250L-AL40,Active,Prismatic,7500,80,198,42,2.7,2.2,1.6,8,200,1,980,475,120,8,1,0.5,250,12,155,21,15.10.2019,CC-CV,0.02,80%,-20,50,0,35,7.22,4.23,8.396,7.2,12.996,,,,,,,,,,,,,,,,,,,,,,,,,,,,,,,,,,,,,,,,,,,
ISI-102,ISI-102,Amita Technologies,Lithium Iron Phosphate,LFP,Prismatic,120155250P-LF01,Active,Prismatic,4000,80,275,40,3.65,3.2,2.5,8,120,1,980,475,120,8,1,0.33,250,12.2,155,21,18.06.2020,CC-CV,0.02,80%,0,55,0,25,4.74,4.26,1.492,17.1,7.11,,,,,,,,,,,,,,,,,,,,,,,,,,,,,,,,,,,,,,,,,,,
ISI-103a,ISI-103,Amita Technologies,Nickel rich,NMC,Prismatic,120155250N- AM44E,Active,Prismatic,5000,80,384.6,49,4.2,3.65,2.8,9.6,144,1,885,475,9.6,144,1,0.5,250,12.2,155,21,18.06.2020,CC-CV,0.05,90%,-10,50,0,25,3.09,4.27,1.106,10.8,6.18,,,,,,,,,,,,,,,,,,,,,,,,,,,,,,,,,,,,,,,,,,,
ISI-103b,ISI-103,Amita Technologies,Nickel rich,NMC,Prismatic,120155250N- AM44E,Active,Prismatic,3500,80,384.6,49,4.2,3.65,2.8,9.6,144,1,885,475,9.6,144,1,0.5,250,12.2,155,21,18.06.2020,CC-CV,0.05,100%,0,50,-10,25,4.73,4.23,1.244,9,9.46,,,,,,,,,,,,,,,,,,,,,,,,,,,,,,,,,,,,,,,,,,,
ISI-104,ISI-104,Amita Technologies,Nickel rich,NMC,Prismatic,120155250NH-NH02,Active,Prismatic,3000,85,348.3,45,4.2,3.6,2.4,8.8,176,1,928,475,176,8.8,4,0.5,250,12.2,155,21,18.06.2020,CC-CV,0.05,80%,-20,60,-20,35,6,4.24,11.481,10.8,10.5,,,,,,,,,,,,,,,,,,,,,,,,,,,,,,,,,,,,,,,,,,,
ISI-105,ISI-105,Amita Technologies,Nickel rich,NMC,Pouch,5099130NRS,Active,Prismatic,2000,80,333,5.5,4.2,3.7,2.8,0.8,44,1,141,475,27.5,1,1,0.5,130,5.23,98,21,07.12.2008,CC-CV,0.02,80%,0,55,0,35,1.63,4.28,1.548,7.2,3.26,,,,,,,,,,,,,,,,,,,,,,,,,,,,,,,,,,,,,,,,,,,
ISI-106,ISI-106,Amita Technologies,Nickel rich,NMC,Pouch,7799130N,Active,Prismatic,2000,80,388,10.3,4.2,3.7,2.8,0.8,30.9,1,218,475,10.3,1,1,0.5,130,8.2,98,21,-,CC-CV,0.02,80%,-20,60,-10,30,6.55,4.21,2.901,9,13.1,,,,,,,,,,,,,,,,,,,,,,,,,,,,,,,,,,,,,,,,,,,
ISI-107,ISI-107,Amita Technologies,Nickel rich,NCA,Pouch,8399130NE,Active,Prismatic,700,80,521,14.5,4.2,3.7,2.8,0.8,14.5,1,235,475,14.5,1,1,0.5,130,8.3,99,21,-,CC-CV,0.02,80%,-10,60,-20,30,6.3,4.27,0.809,7.2,13.86,,,,,,,,,,,,,,,,,,,,,,,,,,,,,,,,,,,,,,,,,,,
ISI-108,ISI-108,Amita Technologies,Nickel rich,NMC,Pouch,7799130ND,Active,Prismatic,2000,80,440,11.7,4.2,3.7,2.8,0.8,35.1,1,221,475,11.7,1,1,0.5,130,8.1,98,21,-,CC-CV,0.02,80%,-10,55,-10,25,2.53,4.23,0.312,8.1,5.06,,,,,,,,,,,,,,,,,,,,,,,,,,,,,,,,,,,,,,,,,,,
ISI-109,ISI-109,Amita Technologies,Lithium Iron Phosphate,LFP,Pouch,7799130P,Active,Prismatic,3000,80,266,7.5,3.65,3.2,2.5,0.8,37.5,1,195,475,15,1,1,0.5,130,7.9,98,21,-,CC-CV,0.02,80%,-20,55,-10,25,4.07,4.25,1.047,18,6.105,,,,,,,,,,,,,,,,,,,,,,,,,,,,,,,,,,,,,,,,,,,
ISI-110,ISI-110,Amita Technologies,Nickel rich,NMC,Pouch,9299130N,Active,Prismatic,2000,80,404,13,4.2,3.7,2.8,0.8,39,1,260,475,13,1,1,0.5,130,9.05,98,21,-,CC-CV,0.02,80%,0,50,0,30,6.23,4.23,1.938,9,12.46,,,,,,,,,,,,,,,,,,,,,,,,,,,,,,,,,,,,,,,,,,,
ISI-111,ISI-111,Eemb Co,Lithium Iron Phosphate,LFP,Prismatic,LP7851119F,Active,Prismatic,2000,80,355,3.5,3.65,3.2,2,0.7,7,0.5,87.5,475,3.5,0.73,0.5,0.33,120,8.1,51.5,21,-,CC-CV,0.02,80%,-20,55,-20,40,7.35,4.24,5.444,10.8,11.025,,,,,,,,,,,,,,,,,,,,,,,,,,,,,,,,,,,,,,,,,,,
ISI-112,ISI-112,Eemb Co,Lithium Iron Phosphate,LFP,Prismatic,LP1167220F,Active,Prismatic,2000,80,355,11,3.65,3.2,2,2.2,22,0.5,275,475,11,0.73,0.5,0.33,224,11.3,67.5,21,13.10.2016,CC-CV,0.02,100%,-20,60,-10,25,4.6,4.23,4.384,16.2,6.9,,,,,,,,,,,,,,,,,,,,,,,,,,,,,,,,,,,,,,,,,,,
ISI-113,ISI-113,Eemb Co,Lithium Iron Phosphate,LFP,Prismatic,LP7568130F,Active,Prismatic,2000,80,355,5,3.65,3.2,2,1,10,0.5,125,475,5,0.73,0.5,0.33,131,7.8,68.5,21,18.09.2015,CC-CV,0.02,100%,-10,55,0,35,8.67,4.21,3.126,18,13.005,,,,,,,,,,,,,,,,,,,,,,,,,,,,,,,,,,,,,,,,,,,
ISI-114,ISI-114,Eemb Co,Lithium Iron Phosphate,LFP,Prismatic,LP9590120F,Active,Prismatic,2000,80,355,8.5,3.65,3.2,2,1.7,17,0.5,170,475,8.5,0.73,0.5,0.33,121,9.8,90.5,21,30.06.2018,CC-CV,0.02,100%,0,60,-20,30,8.68,4.22,5.527,13.5,13.02,,,,,,,,,,,,,,,,,,,,,,,,,,,,,,,,,,,,,,,,,,,
ISI-115,ISI-115,Eemb Co,Lithium Iron Phosphate,LFP,Prismatic,LP60100100F,Active,Prismatic,2000,80,355,4.5,3.65,3.2,2,0.9,9,0.5,112.5,475,4.5,0.73,0.5,0.33,101,6.3,100.5,21,18.09.2015,CC-CV,0.02,100%,-20,50,-20,25,6.76,4.24,3.485,15.3,10.14,,,,,,,,,,,,,,,,,,,,,,,,,,,,,,,,,,,,,,,,,,,
ISI-116,ISI-116,Eemb Co,Lithium Iron Phosphate,LFP,Prismatic,LP90100160F,Active,Prismatic,2000,80,355,10,3.65,3.2,2,2,20,0.5,250,475,10,0.73,0.5,0.33,166,9.5,101,21,18.07.2017,CC-CV,0.02,100%,-10,55,-10,40,4.4,4.21,4.27,16.2,6.6,,,,,,,,,,,,,,,,,,,,,,,,,,,,,,,,,,,,,,,,,,,
ISI-117,ISI-117,Eemb Co,Lithium Iron Phosphate,LFP,Prismatic,LP7851119F,Active,Prismatic,2000,80,355,7,3.65,3.2,2,1.4,14,0.5,175,475,7,0.73,0.5,0.33,123,7.8,103.5,21,10.06.2015,CC-CV,0.02,100%,0,50,0,40,5.7,4.29,9.395,16.2,8.55,,,,,,,,,,,,,,,,,,,,,,,,,,,,,,,,,,,,,,,,,,,
ISI-118,ISI-118,Eagle Picher Technologies LLC,Nickel rich,NCA,Prismatic,LP 32770,Active,Prismatic,2000,80,343,55,4.1,3.7,3,11,440,0.5,1680,475,27.5,11,0.5,0.5,141,34,137.7,21,-,CC-CV,0.02,80%,-10,55,-20,30,5.32,4.22,14.157,6.3,11.704,,,,,,,,,,,,,,,,,,,,,,,,,,,,,,,,,,,,,,,,,,,
ISI-119,ISI-119,BMZ / Sony,Nickel rich,NMC 811,Cylindrical,BMZ 21700 50EL,Active,Cyl,1000,90,355,5,4.2,3.6,2.5,1,14,0.33,68.5,475,2.38,1.45,0.33,0.5,21.1,70.15,174,21.1,-,CC-CV,0.02,80%,0,50,0,30,6.54,4.29,0.08,7.2,9.156,,,,,,,,,,,,,,,,,,,,,,,,,,,,,,,,,,,,,,,,,,,
ISI-120,ISI-120,Zenlabs / Envia,Nickel rich,NMC 811,Pouch,ENV 11.6 Ah,Active,Prismatic,800,80,850,12,4.2,3.45,2.5,2.4,60,1,121,475,12,2.4,1,0.5,145,6,64,21,12.06.2019,CC-CV,0.02,80%,-10,60,0,25,4.53,4.29,1.939,10.8,8.154,,,,,,,,,,,,,,,,,,,,,,,,,,,,,,,,,,,,,,,,,,,
ISI-121,ISI-121,Zenlabs / Envia,Nickel rich,NMC,Pouch,ENV 50.4 Ah,Active,Prismatic,1000,80,640,51,4.3,3.46,2.5,10.2,255,1,592,475,51,10.2,1,0.5,320,7,102,21,-,CC-CV,0.02,80%,-20,55,0,40,2.92,4.21,0.466,9,5.84,,,,,,,,,,,,,,,,,,,,,,,,,,,,,,,,,,,,,,,,,,,
ISI-122,ISI-122,Yoku Energy (Shenzhen) Co,Nickel rich,LFP,Pouch,2895129,Active,Prismatic,800,80,355,4.42,4.35,3.85,2.5,1,8.8,0.5,79,475,4.4,1,0.33,0.5,129,2.8,95,21,-,CC-CV,0.02,80%,0,60,0,40,4.96,4.28,1.237,18,7.44,,,,,,,,,,,,,,,,,,,,,,,,,,,,,,,,,,,,,,,,,,,
ISI-123,ISI-123,EVE Energy,Lithium Iron Phosphate,LFP,Prismatic,LF105-73103,Active,Prismatic,3500,80,355,106.5,3.65,3.2,2.5,53.25,319.5,1,1980,475,106.5,53.25,1,0.5,200.5,36.7,130.3,21,17.10.2017,CC-CV,0.05,80%,-10,55,0,35,8.06,4.2,8.216,12.6,12.09,,,,,,,,,,,,,,,,,,,,,,,,,,,,,,,,,,,,,,,,,,,
ISI-124,ISI-124,EVE Energy,Lithium Iron Phosphate,LFP,Prismatic,LF90K,Active,Prismatic,3500,80,318,91.5,3.65,3.2,2.5,265,681,1,1990,475,91.5,45.75,1,0.5,195.3,36.2,130.1,21,-,CC-CV,0.02,80%,0,55,-20,30,2.44,4.2,4.955,13.5,3.66,,,,,,,,,,,,,,,,,,,,,,,,,,,,,,,,,,,,,,,,,,,
ISI-125,ISI-125,BMZ / TerraE,Nickel rich,NCA,Cylindrical,INR 21700 50 E,Active,Cyl,800,80,727,5,4.2,3.6,2.75,1,15,1,72,475,3.5,0.2,0.5,0.5,21.7,70.9,174,21.7,24.09.2021,CC-CV,0.02,80%,-10,55,-20,35,5.37,4.27,0.043,7.2,11.814,,,,,,,,,,,,,,,,,,,,,,,,,,,,,,,,,,,,,,,,,,,
ISI-126,ISI-126,SKI,Nickel rich,LFP,Pouch,SKI Kia Niro,Active,Prismatic,1000,80,607,60,4.35,3.6,2.75,30,120,1,899.3,475,60,30,1,0.5,300,15,108.5,21,-,CC-CV,0.02,80%,-10,55,-10,25,1.68,4.2,2.679,17.1,2.52,,,,,,,,,,,,,,,,,,,,,,,,,,,,,,,,,,,,,,,,,,,
ISI-127,ISI-127,CALB,Nickel rich,NMC,Prismatic,L148N50B,Active,Prismatic,2000,80,355,50,4.35,3.66,2.75,25,50,1,861,475,50,25,1,0.5,148,26.5,97.5,21,10.2019,CC-CV,0.02,80%,0,55,-20,25,3.66,4.26,13.379,9.9,7.32,,,,,,,,,,,,,,,,,,,,,,,,,,,,,,,,,,,,,,,,,,,
ISI-128,ISI-128,CALB,Lithium Iron Phosphate,LFP,Prismatic,L135F72 (CAM72),Active,Prismatic,2000,80,355,72,3.65,3.2,2.5,36,72,1,1780,475,72,36,1,0.5,215,30,135,21,10.2019,CC-CV,0.02,80%,-20,55,-20,35,8.94,4.22,10.198,12.6,13.41,,,,,,,,,,,,,,,,,,,,,,,,,,,,,,,,,,,,,,,,,,,
ISI-129,ISI-129,CALB,Lithium Iron Phosphate,LFP,Prismatic,L160F100B,Active,Prismatic,3000,80,355,100,3.65,3.2,2.5,50,100,1,1970,475,100,50,1,0.5,160,49.9,116,21,10.2019,CC-CV,0.02,80%,-20,55,-10,35,3.07,4.22,2.64,15.3,4.605,,,,,,,,,,,,,,,,,,,,,,,,,,,,,,,,,,,,,,,,,,,
ISI-130,ISI-130,CALB,Lithium Iron Phosphate,LFP,Prismatic,LFP176Ah,Active,Prismatic,2000,80,355,176,3.65,3.2,2.5,88,176,1,3984,475,176,88,1,0.5,207,53.7,174,21,10.2019,CC-CV,0.02,80%,-20,55,0,35,8.16,4.29,5.061,12.6,12.24,,,,,,,,,,,,,,,,,,,,,,,,,,,,,,,,,,,,,,,,,,,
ISI-131,ISI-131,CALB,Lithium Iron Phosphate,LFP,Prismatic,26650FS3,Active,Prismatic,2000,80,355,3.6,3.65,3.2,2,1.8,10.8,0.5,89,475,5.4,1.8,0.5,0.5,26,65,174,26,10.2019,CC-CV,0.02,80%,-10,55,-10,25,2.91,4.28,1.423,15.3,4.365,,,,,,,,,,,,,,,,,,,,,,,,,,,,,,,,,,,,,,,,,,,
ISI-132,ISI-132,Samsung,Nickel rich,LFP,Prismatic,CS0495RT001A,Active,Prismatic,500,80,488,49.5,4.35,3.6,2.75,24.75,49.5,1,866,475,49.5,24.75,1,0.5,148,27,91,21,17.02.2022,CC-CV,0.02,80%,-20,55,-20,30,5.09,4.24,2.593,18,7.635,,,,,,,,,,,,,,,,,,,,,,,,,,,,,,,,,,,,,,,,,,,
ISI-133,ISI-133,BAK,Nickel rich,LFP,Cylindrical,N21700CG-50,Active,Cyl,800,80,704,5,4.2,3.6,2.5,2.5,15,1,70,475,5,2.5,0.5,0.5,21,70,174,21,22.04.2020,CC-CV,0.01,80%,-10,55,-20,35,7.24,4.26,0.061,11.7,10.86,,,,,,,,,,,,,,,,,,,,,,,,,,,,,,,,,,,,,,,,,,,
ISI-134,ISI-134,Panasonic,Nickel rich,LFP,Cylindrical,NCR2170‑M,Active,Cyl,500,80,755,5.02,4.2,3.6,2.5,2.51,15.8,1,70,475,5.02,2.51,0.5,0.5,21,70,174,21,01.09.2021,CC-CV,0.02,80%,0,50,-10,30,2.65,4.22,0.061,14.4,3.975,,,,,,,,,,,,,,,,,,,,,,,,,,,,,,,,,,,,,,,,,,,
ISI-135,ISI-135,Molicel,Nickel rich,LFP,Cylindrical,INR-21700-P42B,Active,Cyl,800,80,601,4.2,4.2,3.6,2.5,4.2,26,1,70,475,6,4.2,1,0.5,21,70,174,21,-,CC-CV,0.01,80%,-20,55,-20,35,8.6,4.23,0.153,14.4,12.9,,,,,,,,,,,,,,,,,,,,,,,,,,,,,,,,,,,,,,,,,,,
ISI-136,ISI-136,Molicel,Nickel rich,LFP,Cylindrical,INR-21700-P42A,Active,Cyl,800,80,615,4.2,4.2,3.6,2.5,4.2,26,2.5,70,475,6,4.2,1,0.5,21,70,174,21,-,CC-CV,0.01,80%,-10,60,-20,35,8.94,4.27,0.201,10.8,13.41,,,,,,,,,,,,,,,,,,,,,,,,,,,,,,,,,,,,,,,,,,,
ISI-137,ISI-137,Samsung,Nickel rich,LFP,Cylindrical,INR-21700-50S,Active,Cyl,500,80,742,5,4.2,3.6,2.5,5,20,1,72,475,6,2.5,1,0.5,21,70,174,21,-,CC-CV,0.02,80%,0,55,0,25,9.05,4.29,0.09,14.4,13.575,,,,,,,,,,,,,,,,,,,,,,,,,,,,,,,,,,,,,,,,,,,
ISI-138,ISI-138,LG Chem,Nickel rich,LFP,Pouch,A7,Active,Prismatic,500,80,524,50,4.2,3.6,2.5,50,179,1,895,475,50,25,1,0.5,298,10.6,153,21,01.05.2017,CC-CV,0.02,80%,-20,55,0,35,1.41,4.26,1.565,12.6,2.115,,,,,,,,,,,,,,,,,,,,,,,,,,,,,,,,,,,,,,,,,,,
ISI-139,ISI-139,Lishen,Nickel rich,LFP,Prismatic,C‑PR51A,Active,Prismatic,500,80,481,51,4.2,3.6,2.5,51,188,1,911,475,51,25.5,1,0.5,148,28,98,21,-,CC-CV,0.02,80%,-10,60,-20,25,6.35,4.23,6.127,12.6,9.525,,,,,,,,,,,,,,,,,,,,,,,,,,,,,,,,,,,,,,,,,,,
ISI-140,ISI-140,LG Chem,Nickel rich,LFP,Pouch,E61V,Active,Prismatic,500,80,641,61,4.2,3.6,2.5,30.5,61,0.5,875,475,61,20.13,0.33,0.5,355,11.4,110,21,01.04.2021,CC-CV,0.02,80%,0,55,0,30,4.25,4.28,0.727,16.2,6.375,,,,,,,,,,,,,,,,,,,,,,,,,,,,,,,,,,,,,,,,,,,
ISI-141,ISI-141,LG Chem,Nickel rich,LFP,Pouch,E66A,Active,Prismatic,500,80,648,65,4.2,3.657,2.5,32.5,65,0.5,897,426,65,21.45,0.33,0.5,350,11.7,104,21,01.11.2020,CC-CV,0.02,80%,-10,55,0,40,6.07,4.21,1.437,16.2,9.105,,,,,,,,,,,,,,,,,,,,,,,,,,,,,,,,,,,,,,,,,,,
ISI-142,ISI-142,LG Chem,Nickel rich,LFP,Pouch,E63,Active,Prismatic,1000,80,355,65.6,4.2,3.6,2.5,32.8,65.6,0.5,964,475,65.6,21.648,0.33,0.5,325,11.5,125,21,26.02.2018,CC-CV,0.02,80%,-10,55,-10,40,5.86,4.24,2.246,10.8,8.79,,,,,,,,,,,,,,,,,,,,,,,,,,,,,,,,,,,,,,,,,,,
ISI-143a,ISI-143,Samsung,Nickel rich,LFP,Cylindrical,INR21700-48X,Active,Cyl,1500,70,355,4.8,4.2,3.6,2.5,0.96,4.8,1,72,475,4.8,1.584,1,0.5,21,70,174,21,2020,CC-CV,0.02,80%,0,50,-10,35,5.91,4.28,0.131,14.4,10.3425,,,,,,,,,,,,,,,,,,,,,,,,,,,,,,,,,,,,,,,,,,,
ISI-143b,ISI-143,Samsung,Nickel rich,LFP,Cylindrical,INR21700-48X,Active,Cyl,500,70,355,4.8,4.2,3.6,2.5,0.96,4.8,1,72,475,4.8,1.584,1,0.5,21,70,174,21,2020,CC-CV,0.02,100%,-20,50,0,25,8.83,4.25,0.116,10.8,15.4525,,,,,,,,,,,,,,,,,,,,,,,,,,,,,,,,,,,,,,,,,,,
ISI-144,ISI-144,LG Chem,Nickel rich,LFP,Pouch,E63B,Active,Prismatic,1200,65,355,63,4.2,3.6,2.5,31.5,63,1,882,475,63,18.9,0.33,0.5,301,14.5,100,21,-,CC-CV,0.02,80%,-10,55,0,35,7.13,4.3,0.314,18,13.36875,,,,,,,,,,,,,,,,,,,,,,,,,,,,,,,,,,,,,,,,,,,
ISI-145,ISI-145,LG Chem,Nickel rich,NMC712,Pouch,E78,Active,Prismatic,1500,80,355,78,4.2,3.6,2.5,23.4,78,0.33,965,475,78,23.4,0.33,0.5,530,8.5,100,21,2022,CC-CV,0.02,80%,0,55,0,25,4.32,4.23,1.384,9.9,7.776,,,,,,,,,,,,,,,,,,,,,,,,,,,,,,,,,,,,,,,,,,,
ISI-146,ISI-146,A123,Lithium Iron Phosphate,LFP,Pouch,A123 20AH,Active,Prismatic,1000,80,355,20,3.65,3.3,2.5,4,20,1,496,475,20,4,1,0.5,227,7.25,160,21,-,CC-CV,0.02,80%,0,50,-20,40,3.83,4.29,2.436,10.8,5.745,,,,,,,,,,,,,,,,,,,,,,,,,,,,,,,,,,,,,,,,,,,
ISI-147,ISI-147,LG Chem,Nickel rich,NMC,Pouch,NX2.1,Active,Prismatic,1000,80,355,60,4.2,3.6,2.5,12,120,0.33,820,475,60,12,0.33,0.5,330,16.5,100,21,-,CC-CV,0.02,80%,-20,50,-20,40,6.49,4.28,2.709,7.2,12.98,,,,,,,,,,,,,,,,,,,,,,,,,,,,,,,,,,,,,,,,,,,
ISI-148,ISI-148,CALB,Lithium Iron Phosphate,LFP,Prismatic,CA400,Active,Prismatic,2000,80,355,400,3.65,3.2,2.5,120,800,0.3,13600,475,400,120,0.3,0.5,450,71,275,21,-,CC-CV,0.02,80%,0,55,0,25,1.81,4.26,3.704,18,2.715,,,,,,,,,,,,,,,,,,,,,,,,,,,,,,,,,,,,,,,,,,,
ISI-149,ISI-149,CALB,Lithium Iron Phosphate,LFP,Prismatic,CAM72,Active,Prismatic,2000,80,355,72,3.65,3.2,2.5,21.6,216,0.3,1900,475,72,21.6,0.3,0.5,68,29,216,21,-,CC-CV,0.02,80%,-20,60,-10,30,4.15,4.26,6.695,12.6,6.225,,,,,,,,,,,,,,,,,,,,,,,,,,,,,,,,,,,,,,,,,,,
ISI-150,ISI-150,Melasta,Lithium Iron Phosphate,LFP,Prismatic,MB-LFP-32173128,Active,Prismatic,2000,80,355,60,3.65,3.2,2,12,180,0.2,1410,475,120,12,0.2,0.5,173,32,124,21,-,CC-CV,0.02,80%,-10,55,-10,30,8.82,4.27,8.077,17.1,13.23,,,,,,,,,,,,,,,,,,,,,,,,,,,,,,,,,,,,,,,,,,,
ISI-151,ISI-151,Melasta,Lithium Iron Phosphate,LFP,Cylindrical,MB-IFR26650,Active,Cyl,2000,80,355,3.8,3.65,3.2,2,0.76,11.4,0.2,92,475,3.8,0.76,0.2,0.5,26.5,65.2,174,26.5,-,CC-CV,0.02,80%,0,55,0,40,3.17,4.21,0.046,11.7,4.755,,,,,,,,,,,,,,,,,,,,,,,,,,,,,,,,,,,,,,,,,,,
ISI-152,ISI-152,Melasta,Nickel rich,NMC,Pouch,SLPBB042126,Active,Prismatic,100,80,355,6.55,4.2,3.7,2.5,1.31,98.25,15,126,475,13.1,1.31,0.5,0.5,127,10.2,42,21,-,CC-CV,0.02,80%,-20,55,-10,40,1.88,4.25,1.181,7.2,3.76,,,,,,,,,,,,,,,,,,,,,,,,,,,,,,,,,,,,,,,,,,,
ISI-153,ISI-153,Kokam,Nickel rich,NMC,Pouch,SLPB70205130P,Active,Prismatic,1400,80,355,12,4.2,3.7,2.7,12,180,0.5,345,475,36,12,0.5,0.5,208,130,7,21,28.04.2011,CC-CV,0.05,80%,-10,60,-10,30,5.15,4.27,1.46,9,10.3,,,,,,,,,,,,,,,,,,,,,,,,,,,,,,,,,,,,,,,,,,,
ISI-154,ISI-154,Saft,Nickel rich,LFP,Prismatic,INT 176065 ISR FL,Active,Prismatic,2250,80,355,5.6,4.2,3.65,2.5,2.8,11,0.5,155,475,5.6,5.6,1,0.5,63,74,20.6,21,12.202,CC-CV,0.02,100%,0,50,0,35,2.03,4.29,0.794,15.3,3.045,,,,,,,,,,,,,,,,,,,,,,,,,,,,,,,,,,,,,,,,,,,
ISI-155,ISI-155,Saft,Nickel rich,LFP,Prismatic,MP 144350 XLR,Active,Prismatic,1100,80,335,2.6,4.2,3.65,2.5,1.3,5,0.5,66,475,2.6,2.6,1,0.5,42.9,50.1,14.5,21,4.2018,CC-CV,0.02,100%,-10,55,0,35,5.29,4.27,5.776,11.7,7.935,,,,,,,,,,,,,,,,,,,,,,,,,,,,,,,,,,,,,,,,,,,
ISI-156,ISI-156,Saft,Nickel rich,LFP,Prismatic,MP 176065 ISE,Active,Prismatic,1000,80,264,5.6,4.2,3.65,2.5,2.8,11,0.5,135,475,5.6,5.6,0.5,0.5,60.5,68.7,19.05,21,7.2009,CC-CV,0.02,100%,0,60,0,25,2.98,4.24,7.428,10.8,4.47,,,,,,,,,,,,,,,,,,,,,,,,,,,,,,,,,,,,,,,,,,,
ISI-157a,ISI-157,Gaia,Nickel rich,NCA,Cylindrical,HP 602030,Active,Cyl,1000,80,282,45,4.2,3.6,3,90,450,0.5,1500,475,180,45,0.5,0.5,60,232,174,60,6.2009,CC-CV,0.02,80%,-20,60,-10,35,9.81,4.23,0.112,7.2,21.582,,,,,,,,,,,,,,,,,,,,,,,,,,,,,,,,,,,,,,,,,,,
ISI-157b,ISI-157,Gaia,Nickel rich,NCA,Cylindrical,HP 602030,Active,Cyl,2000,60,282,45,4.2,3.6,3,90,450,0.5,1500,475,180,45,0.5,0.5,60,232,174,60,6.2009,CC-CV,0.02,60%,-10,55,-10,35,3.83,4.3,0.212,9.9,13.022,,,,,,,,,,,,,,,,,,,,,,,,,,,,,,,,,,,,,,,,,,,
ISI-158,ISI-158,Keeppower,Nickel rich,LFP,Cylindrical,NH2140,Active,Cyl,500,70,355,4,4.2,3.7,2.5,0.8,35,1,69,475,4,0.05,1,0.5,21.5,70.3,174,21.5,-,CC-CV,0.02,80%,0,50,-20,30,2.25,4.23,0.174,12.6,3.9375,,,,,,,,,,,,,,,,,,,,,,,,,,,,,,,,,,,,,,,,,,,
ISI-159a,ISI-159,Panasonic,Nickel rich,LFP,Cylindrical,NCR18650BF,Active,Cyl,500,80,677,3.35,4.2,3.6,2.5,3.25,3.25,1,46.5,475,1.625,1.625,0.5,0.5,18.24,65.1,174,18.24,-,CC-CV,0.02,80%,-20,50,-10,40,6.04,4.25,0.137,11.7,9.06,,,,,,,,,,,,,,,,,,,,,,,,,,,,,,,,,,,,,,,,,,,
ISI-159b,ISI-159,Panasonic,Nickel rich,LFP,Cylindrical,NCR18650BF,Active,Cyl,500,80,600,2.965,4.1,3.6,2.5,3.25,3.25,1,46.5,475,1.625,1.625,0.5,0.5,18.24,65.1,174,18.24,-,CC-CV,0.02,80%,-10,55,0,30,8.34,4.27,0.128,10.8,12.51,,,,,,,,,,,,,,,,,,,,,,,,,,,,,,,,,,,,,,,,,,,
ISI-160a,ISI-160,Panasonic,Nickel rich,NCA,Prismatic,NCA596080,Active,Prismatic,300,80,506,4.179,4.2,3.6,2.75,3.94,3.94,0.5,67,475,2.758,2.758,0.8,0.5,60,80,5.85,21,-,CC-CV,0.02,80%,-20,55,-20,35,3.5,4.28,4.344,9.9,7.7,,,,,,,,,,,,,,,,,,,,,,,,,,,,,,,,,,,,,,,,,,,
ISI-160b,ISI-160,Panasonic,Nickel rich,NCA,Prismatic,NCA596080,Active,Prismatic,300,80,506,3.95,4.2,3.6,2.75,3.94,3.94,0.5,67,475,2.758,2.758,0.8,0.5,60,80,5.85,21,-,CC-CV,0.02,80%,-10,55,0,25,7.95,4.25,3.663,9.9,17.49,,,,,,,,,,,,,,,,,,,,,,,,,,,,,,,,,,,,,,,,,,,
ISI-161,ISI-161,Samsung,Nickel rich,NMC,Cylindrical,INR21700-30T,Active,Cyl,250,60,355,3,4.2,3.6,2.5,0.6,35,12,69,475,4,1.5,1.5,0.5,21.22,70.3,174,21.22,Version No. 2.0,CC-CV,0.02,80%,0,50,-10,35,3.31,4.24,0.12,10.8,9.93,,,,,,,,,,,,,,,,,,,,,,,,,,,,,,,,,,,,,,,,,,,
ISI-162,ISI-162,Hypercell,Nickel rich,LFP,Cylindrical,NCR20700,Active,Cyl,300,70,355,4.25,4.25,3.6,2.5,0.85,3.4,1,70,475,4.05,2.125,1,0.5,20.5,74,174,20.5,29.09.2018,CC-CV,0.02,80%,0,50,-20,35,5.63,4.22,0.039,12.6,9.8525,,,,,,,,,,,,,,,,,,,,,,,,,,,,,,,,,,,,,,,,,,,
ISI-163,ISI-163,Panasonic,Nickel rich,LFP,Pouch,UPF673791,Active,Prismatic,500,80,449,2.9,4.2,3.7,2.75,2.9,2.9,1,51,475,2.9,2.9,1,0.5,37.3,91.7,6.7,21,-,CC-CV,0.02,80%,-10,55,-20,25,4.37,4.26,1.912,15.3,6.555,,,,,,,,,,,,,,,,,,,,,,,,,,,,,,,,,,,,,,,,,,,
ISI-164,ISI-164,Kokam,Nickel rich,LFP,Pouch,SLPB65216216,Active,Prismatic,800,80,355,30,4.2,3.7,2.7,30,150,0.5,700,475,30,30,0.5,0.5,220,215,6.8,21,-,CC-CV,0.02,80%,0,50,0,25,4.92,4.28,2.006,11.7,7.38,,,,,,,,,,,,,,,,,,,,,,,,,,,,,,,,,,,,,,,,,,,
ISI-165,ISI-165,Kokam,Nickel rich,LFP,Pouch,SLPB90216216,Active,Prismatic,800,80,355,40,4.2,3.7,2.7,40,200,0.5,935,475,40,40,0.5,0.5,220,215,9,21,-,CC-CV,0.02,80%,-10,60,-20,40,3.18,4.21,2.634,16.2,4.77,,,,,,,,,,,,,,,,,,,,,,,,,,,,,,,,,,,,,,,,,,,
ISI-166,ISI-166,Kokam,Nickel rich,LFP,Pouch,SLPB53460330,Active,Prismatic,800,80,355,70,4.2,3.7,2.7,70,350,0.5,1700,475,70,70,0.5,0.5,325,455,5.3,21,-,CC-CV,0.02,80%,0,60,-10,25,7.56,4.23,0.62,15.3,11.34,,,,,,,,,,,,,,,,,,,,,,,,,,,,,,,,,,,,,,,,,,,
ISI-167,ISI-167,Kokam,Nickel rich,LFP,Pouch,SLPB30205130H,Active,Prismatic,800,80,355,5,4.2,3.7,2.7,25,50,0.5,164,475,10,10,0.5,0.5,130,206,3.1,21,-,CC-CV,0.02,80%,-10,60,0,30,7.68,4.26,2.467,16.2,11.52,,,,,,,,,,,,,,,,,,,,,,,,,,,,,,,,,,,,,,,,,,,
ISI-168,ISI-168,Kokam,Nickel rich,LFP,Pouch,SLPB41205130H,Active,Prismatic,800,80,355,7.5,4.2,3.7,2.7,37.5,75,0.5,226,475,15,15,0.5,0.5,130,206,4.2,21,-,CC-CV,0.02,80%,-10,60,-10,40,2.23,4.21,0.885,17.1,3.345,,,,,,,,,,,,,,,,,,,,,,,,,,,,,,,,,,,,,,,,,,,
ISI-169,ISI-169,Kokam,Nickel rich,LFP,Pouch,SLPB11043140H,Active,Prismatic,500,80,355,4.8,4.2,3.7,2.7,96,192,0.5,115,475,14.4,14.4,0.5,0.5,140,42.5,11,21,-,CC-CV,0.02,80%,-20,50,0,40,2.43,4.22,1.95,14.4,3.645,,,,,,,,,,,,,,,,,,,,,,,,,,,,,,,,,,,,,,,,,,,
ISI-170,ISI-170,Kokam,Nickel rich,LFP,Pouch,SLPB45205130P,Active,Prismatic,800,80,355,7.2,4.2,3.7,2.7,14.4,144,0.5,226,475,21.6,21.6,0.5,0.5,130,206,4.5,21,-,CC-CV,0.02,80%,0,55,0,30,1.52,4.22,3.741,11.7,2.28,,,,,,,,,,,,,,,,,,,,,,,,,,,,,,,,,,,,,,,,,,,
ISI-171,ISI-171,ENERTECH,Nickel rich,"NMC, NCA, NMC/NCA",Pouch,SPB 58253172P4,Active,Prismatic,2000,80,366,25,4.2,3.7,2.7,12.5,75,1,500,475,125,12.5,1,0.5,253,5.8,172,21,-,CC-CV,0.02,80%,-20,55,-20,25,2.82,4.27,1.528,10.8,5.076,,,,,,,,,,,,,,,,,,,,,,,,,,,,,,,,,,,,,,,,,,,
ISI-172,ISI-172,Amita Technologies,Nickel rich,NMC,Prismatic,120155250NH - NH04,Active,Prismatic,3000,80,398,50,4.2,3.7,2.8,9,180,1,930,475,180,9,3,0.5,251,12.5,157,21,18.06.2020,CC-CV,0.05,80%,-10,55,-10,35,8.84,4.24,10.84,9.9,17.68,,,,,,,,,,,,,,,,,,,,,,,,,,,,,,,,,,,,,,,,,,,
ISI-173,ISI-173,BMZ / TerraE,Nickel rich,LFP,Cylindrical,INR 21700 58 E,Active,Cyl,800,80,355,5.7,4.2,3.6,2.75,1.14,15,1,75,475,5.7,1.14,0.5,0.5,21.7,70.9,174,21.7,24.02.2022,CC-CV,0.02,80%,-20,60,-10,25,8.12,4.29,0.175,14.4,12.18,,,,,,,,,,,,,,,,,,,,,,,,,,,,,,,,,,,,,,,,,,,
ISI-174,ISI-174,Yinglong,Lithium Titanate,LTO,Cylindrical,LTO 9Ah,Active,Cyl,16000,80,170,9,2.7,2.3,1.5,1.8,90,1,270,475,90,1.8,1,0.5,33.2,140,174,33.2,-,CC-CV,0.02,80%,0,60,-20,35,5.01,4.23,0.106,14.4,7.014,,,,,,,,,,,,,,,,,,,,,,,,,,,,,,,,,,,,,,,,,,,
ISI-175,ISI-175,Yinglong,Lithium Titanate,LTO,Cylindrical,LTO 40Ah,Active,Cyl,25000,80,128,40,2.7,2.3,1.5,8,240,1,1210,475,240,8,1,0.5,66,161,174,66,-,CC-CV,0.02,80%,0,60,-20,35,5.11,4.24,0.075,16.2,7.154,,,,,,,,,,,,,,,,,,,,,,,,,,,,,,,,,,,,,,,,,,,
ISI-176,ISI-176,Yinglong,Lithium Titanate,LTO,Cylindrical,LTO 45Ah,Active,Cyl,25000,80,144,45,2.7,2.3,1.5,9,225,1,1270,475,225,9,1,0.5,66,161,174,66,-,CC-CV,0.02,80%,0,60,-10,30,6.96,4.25,0.156,16.2,9.744,,,,,,,,,,,,,,,,,,,,,,,,,,,,,,,,,,,,,,,,,,,
ISI-177,ISI-177,Yinglong,Lithium Titanate,LTO,Prismatic,LTO 30Ah,Active,Prismatic,16000,80,152,30,2.7,2.3,1.5,6,180,1,1030,475,180,6,1,0.5,97,173,28.5,97,-,CC-CV,0.02,80%,-20,50,-10,25,4.54,4.24,5.586,17.1,6.356,,,,,,,,,,,,,,,,,,,,,,,,,,,,,,,,,,,,,,,,,,,
ISI-178,ISI-178,Yinglong,Lithium Titanate,LTO,Prismatic,LTO 33Ah,Active,Prismatic,16000,80,142,33,2.7,2.3,1.5,6.6,198,1,1245,475,198,6.6,1,0.5,130,205,21,130,-,CC-CV,0.02,80%,0,55,-10,30,6.95,4.25,6.768,22.5,9.73,,,,,,,,,,,,,,,,,,,,,,,,,,,,,,,,,,,,,,,,,,,
ISI-179,ISI-179,Yinglong,Lithium Titanate,LTO,Pouch,LTO 68Ah,Active,Prismatic,25000,80,182,68,2.7,2.3,1.5,13.6,476,1,1880,475,476,13.6,1,0.5,256,263,12.6,256,-,CC-CV,0.02,80%,0,50,0,35,1.8,4.29,0.54,20.7,2.52,,,,,,,,,,,,,,,,,,,,,,,,,,,,,,,,,,,,,,,,,,,
ISI-180,ISI-180,ELERIX,Lithium Titanate,LTO,Prismatic,EX-T30K,Active,Prismatic,16000,80,147,30,2.7,2.3,1.5,6,180,1,1030,475,180,6,1,0.5,97,173,28,97,-,CC-CV,0.02,80%,-10,60,-20,35,5.63,4.26,1.393,19.8,7.882,,,,,,,,,,,,,,,,,,,,,,,,,,,,,,,,,,,,,,,,,,,
ISI-181,ISI-181,-,Lithium Titanate,LTO,Pouch,LTO 21Ah,Active,Prismatic,25000,80,355,21,2.7,2.3,1.5,4.2,126,1,668,475,126,4.2,1,0.5,120,295,10.5,120,-,CC-CV,0.02,80%,-20,55,-20,30,2.6,4.27,0.688,16.2,3.64,,,,,,,,,,,,,,,,,,,,,,,,,,,,,,,,,,,,,,,,,,,
ISI-182,ISI-182,-,Nickel rich,LFP,Pouch,E78,Active,Prismatic,2000,80,355,78,4.2,3.6,2.5,15.6,234,0.33,1110,475,78,39,0.33,0.5,510,8,98,21,2022,CC-CV,0.02,80%,-20,55,-20,30,7.46,4.24,0.567,10.8,11.19,,,,,,,,,,,,,,,,,,,,,,,,,,,,,,,,,,,,,,,,,,,
ISI-183,ISI-183,EVE Energy,Nickel rich,NMC,Pouch,D11,Active,Prismatic,3000,80,355,43,4.2,3.63,2.7,8.6,137.6,1,743,475,43,8.6,1,0.5,188,10.8,174,21,-,CC-CV,0.02,80%,0,60,-20,35,5.61,4.25,2.563,10.8,11.22,,,,,,,,,,,,,,,,,,,,,,,,,,,,,,,,,,,,,,,,,,,
ISI-184,ISI-184,EVE Energy,Nickel rich,NMC,Pouch,D12,Active,Prismatic,3000,80,355,30,4.2,3.68,2.7,6,90,1,552,475,30,6,1,0.5,227,7.2,165,21,-,CC-CV,0.02,80%,-10,50,-20,30,7.34,4.24,1.134,8.1,14.68,,,,,,,,,,,,,,,,,,,,,,,,,,,,,,,,,,,,,,,,,,,
ISI-185,ISI-185,EVE Energy,Nickel rich,NMC,Pouch,D13,Active,Prismatic,3000,80,355,51,4.2,3.7,2.7,10.2,102,1,800,475,51,10.2,1,0.5,227,10.5,165,21,-,CC-CV,0.02,80%,0,55,-20,30,6.46,4.21,0.73,8.1,12.92,,,,,,,,,,,,,,,,,,,,,,,,,,,,,,,,,,,,,,,,,,,
ISI-186,ISI-186,EVE Energy,Nickel rich,NMC,Pouch,D21,Active,Prismatic,3000,80,355,52,4.2,3.7,2.7,10.4,104,1,740,475,52,10.4,1,0.5,305,11.5,102,21,-,CC-CV,0.02,80%,-10,50,0,25,2.03,4.2,2.263,8.1,4.06,,,,,,,,,,,,,,,,,,,,,,,,,,,,,,,,,,,,,,,,,,,
ISI-187,ISI-187,EVE Energy,Nickel rich,NMC,Prismatic,INP42P,Active,Prismatic,2000,80,355,42,4.2,3.65,2.7,8.4,84,1,740,475,42,8.4,1,0.5,148,27,97,21,-,CC-CV,0.02,80%,-20,55,-20,25,2.22,4.21,3.036,7.2,4.44,,,,,,,,,,,,,,,,,,,,,,,,,,,,,,,,,,,,,,,,,,,
ISI-188,ISI-188,EVE Energy,Nickel rich,NMC,Prismatic,INP50E,Active,Prismatic,2000,80,355,50,4.2,3.65,2.7,10,100,1,880,475,50,10,1,0.5,148,27,97,21,-,CC-CV,0.02,80%,-10,55,-20,35,7.02,4.2,4.655,7.2,14.04,,,,,,,,,,,,,,,,,,,,,,,,,,,,,,,,,,,,,,,,,,,
ISI-189,ISI-189,EVE Energy,Nickel rich,NMC,Prismatic,INP60E,Active,Prismatic,2000,80,355,60,4.2,3.65,2.7,12,120,1,870,475,60,12,1,0.5,148,27,97,21,-,CC-CV,0.02,80%,-10,60,-20,30,3.71,4.26,4.761,9,7.42,,,,,,,,,,,,,,,,,,,,,,,,,,,,,,,,,,,,,,,,,,,
ISI-190,ISI-190,EVE Energy,Nickel rich,NMC,Prismatic,INP72P,Active,Prismatic,2000,80,355,72,4.2,3.65,2.7,14.4,144,1,1300,475,72,14.4,1,0.5,148,39,97,21,-,CC-CV,0.02,80%,-10,50,0,40,4.99,4.28,2.613,9.9,9.98,,,,,,,,,,,,,,,,,,,,,,,,,,,,,,,,,,,,,,,,,,,
ISI-191,ISI-191,EVE Energy,Nickel rich,NMC,Prismatic,INP80E,Active,Prismatic,2000,80,355,80,4.2,3.65,2.7,16,160,1,1320,475,80,16,1,0.5,148,39,97,21,-,CC-CV,0.02,80%,-10,60,-10,40,4.14,4.23,10.162,9.9,8.28,,,,,,,,,,,,,,,,,,,,,,,,,,,,,,,,,,,,,,,,,,,
ISI-192,ISI-192,EVE Energy,Lithium Iron Phosphate,LFP,Prismatic,LF50,Active,Prismatic,3500,80,355,50,3.65,3.2,2,10,50,1,1380,475,50,10,1,0.5,185,30,135,21,-,CC-CV,0.02,80%,-20,60,-10,35,5.15,4.21,8.362,15.3,7.725,,,,,,,,,,,,,,,,,,,,,,,,,,,,,,,,,,,,,,,,,,,
ISI-193,ISI-193,EVE Energy,Lithium Iron Phosphate,LFP,Prismatic,LF56K,Active,Prismatic,3500,80,355,56,3.65,3.2,2,11.2,56,1,1450,475,56,11.2,1,0.5,185,30,135,21,-,CC-CV,0.02,80%,0,60,-20,35,5.66,4.21,5.659,13.5,8.49,,,,,,,,,,,,,,,,,,,,,,,,,,,,,,,,,,,,,,,,,,,
ISI-194,ISI-194,EVE Energy,Lithium Iron Phosphate,LFP,Prismatic,LF75,Active,Prismatic,3500,80,355,75,3.65,3.2,2,15,75,1,1880,475,75,15,1,0.5,200,36,130,21,-,CC-CV,0.02,80%,-10,50,0,40,8.81,4.2,9.119,12.6,13.215,,,,,,,,,,,,,,,,,,,,,,,,,,,,,,,,,,,,,,,,,,,
SDL-01248,SDL-01248,Saft,Nickel rich,"NMC, NCA, NMC/NCA",Cylindrical,VL 34570,Active,Cyl,500,70,380,5.4,4.2,3.7,2.5,1.1,11,1,125,52.8197,5.4,1.1,1,0.5,34.2,59.43,174,34.2,7.2019,CC-CV,0.02,100%,-10,50,-10,30,2.71,4.28,0.108,9.9,5.962,,,,,,,,,,,,,,,,,,,,,,,,,,,,,,,,,,,,,,,,,,,
SDL-02926,SDL-02926,Kokam,Nickel rich,NMC,Pouch,SLPB50106100,Active,Prismatic,800,80,355,5,4.2,3.7,2.7,2.5,10,1,115,53,5,1,1,0.5,106,5,100,21,-,CC-CV,0.02,80%,-20,55,-20,35,3.14,4.24,0.631,10.8,6.28,,,,,,,,,,,,,,,,,,,,,,,,,,,,,,,,,,,,,,,,,,,
SDL-02927,SDL-02927,Kokam,Nickel rich,NMC,Pouch,SLPB75106100,Active,Prismatic,800,80,355,7.5,4.2,3.7,2.7,3.75,15,1,155,79.5,7.5,1.5,1,0.5,106,7.5,100,21,-,CC-CV,0.02,80%,0,60,-10,35,7.62,4.29,0.846,9,15.24,,,,,,,,,,,,,,,,,,,,,,,,,,,,,,,,,,,,,,,,,,,
SDL-02928,SDL-02928,Kokam,Nickel rich,NMC,Pouch,SLPB75106205,Active,Prismatic,800,80,355,16,4.2,3.7,2.7,8,16,1,330,162.975,16,3.2,1,0.5,205,7.5,106,21,-,CC-CV,0.02,80%,-20,55,0,25,2.17,4.28,1.859,9.9,4.34,,,,,,,,,,,,,,,,,,,,,,,,,,,,,,,,,,,,,,,,,,,
SDL-02929,SDL-02929,Kokam,Nickel rich,NMC,Pouch,SLPB60216216,Active,Prismatic,800,80,355,25,4.2,3.7,2.7,12.5,25,0.5,620,307.45,25,5,0.5,0.5,220,6.5,215,21,-,CC-CV,0.02,80%,-10,60,0,40,6.8,4.23,0.116,9.9,13.6,,,,,,,,,,,,,,,,,,,,,,,,,,,,,,,,,,,,,,,,,,,
SDL-02933,SDL-02933,Kokam,Nickel rich,NMC,Pouch,SLPB70460330,Active,Prismatic,800,80,355,100,4.2,3.7,2.7,50,100,0.5,2320,1064.7,100,20,0.5,0.5,455,7.2,325,21,-,CC-CV,0.02,80%,-10,55,-10,25,5.2,4.25,1.192,9,10.4,,,,,,,,,,,,,,,,,,,,,,,,,,,,,,,,,,,,,,,,,,,
SDL-02945,SDL-02945,Kokam,Nickel rich,NMC,Pouch,SLPB55205130H,Active,Prismatic,800,80,355,11,4.2,3.7,2.7,5.5,55,0.5,292,149.968,22,2.2,0.5,0.5,206,5.6,130,21,-,CC-CV,0.02,80%,-10,55,-20,40,4.72,4.24,0.467,9.9,9.44,,,,,,,,,,,,,,,,,,,,,,,,,,,,,,,,,,,,,,,,,,,
SDL-02946,SDL-02946,Kokam,Nickel rich,NMC,Pouch,SLPB78216216H,Active,Prismatic,800,80,355,31,4.2,3.7,2.7,15.5,155,0.5,860,397.32,62,6.2,0.5,0.5,220,8.4,215,21,-,CC-CV,0.02,80%,-20,60,-20,40,6.53,4.21,2.919,7.2,13.06,,,,,,,,,,,,,,,,,,,,,,,,,,,,,,,,,,,,,,,,,,,
SDL-02948,SDL-02948,Kokam,Nickel rich,NMC,Pouch,SLPB60460330H,Active,Prismatic,800,80,355,70,4.2,3.7,2.7,35,350,0.5,1950,857.675,140,14,0.5,0.5,455,5.8,325,21,-,CC-CV,0.02,80%,0,55,-20,35,5.49,4.27,0.242,9.9,10.98,,,,,,,,,,,,,,,,,,,,,,,,,,,,,,,,,,,,,,,,,,,
SDL-02949,SDL-02949,Kokam,Nickel rich,NMC,Pouch,SLPB80460330H,Active,Prismatic,800,80,355,100,4.2,3.7,2.7,50,500,0.5,2700,1197.7875,200,20,0.5,0.5,455,8.1,325,21,-,CC-CV,0.02,80%,-10,50,-10,30,7.97,4.21,3.504,9.9,15.94,,,,,,,,,,,,,,,,,,,,,,,,,,,,,,,,,,,,,,,,,,,
SDL-02950,SDL-02950,Kokam,Nickel rich,NMC,Pouch,SPLB160460330H,Active,Prismatic,800,80,355,200,4.2,3.7,2.7,100,400,0.5,5260,2513.875,200,40,0.5,0.5,455,17,325,21,-,CC-CV,0.02,80%,0,50,-20,40,3.4,4.21,0.884,10.8,6.8,,,,,,,,,,,,,,,,,,,,,,,,,,,,,,,,,,,,,,,,,,,
SDL-03609,SDL-03609,HYB Battery Co,Nickel rich,LFP,Prismatic,IMP206990S,Active,Prismatic,400,80,355,9,4.2,3.7,3,3,27,0.33,310,144.9,4.5,1.8,0.33,0.5,103,20,69,21,File No: QP–09–E302 ,CC-CV,0.02,80%,-20,60,-20,40,6.52,4.28,9.175,12.6,9.78,,,,,,,,,,,,,,,,,,,,,,,,,,,,,,,,,,,,,,,,,,,
SDL-03617,SDL-03617,HYB Battery Co,Nickel rich,LFP,Prismatic,IMP50110140S,Active,Prismatic,400,80,355,60,4.2,3.6,3,12,30,0.33,1850,852.5,30,12,0.33,0.5,155,50.5,110,21,-,CC-CV,0.01,80,-20,60,0,35,4.78,4.28,9.08,18,7.17,,,,,,,,,,,,,,,,,,,,,,,,,,,,,,,,,,,,,,,,,,,
SDL-05872,SDL-05872,Advanced Electronics Energy,Nickel rich,LFP,Pouch,AE8867220PMHRE,Active,Prismatic,300,80,355,10.5,4.2,3.7,2.75,1.94,19.4,0.5,258,129.712,9.7,4.85,0.5,0.5,220,8.8,67,21,-,CC-CV,0.02,90%,-10,55,0,25,1.53,4.23,1.195,13.5,2.295,,,,,,,,,,,,,,,,,,,,,,,,,,,,,,,,,,,,,,,,,,,
SDL-06597,SDL-06597,Yoku Energy (Shenzhen) Co,Nickel rich,LFP,Pouch,656096,Active,Prismatic,300,75,355,3.6,4.2,3.7,2.75,0.72,3.6,0.2,74,37.44,1.8,0.72,0.2,0.5,96,6.5,60,21,19.01.2011,CC-CV,0.05,90%,-20,50,-20,30,2.99,4.3,3.924,11.7,4.85875,,,,,,,,,,,,,,,,,,,,,,,,,,,,,,,,,,,,,,,,,,,
SDL-06600,SDL-06600,Yoku Energy (Shenzhen) Co,Nickel rich,LFP,Pouch,8235135,Active,Prismatic,300,80,355,3.5,4.2,3.7,2.75,0.7,10,0.2,71,38.745,1.75,0.72,0.2,0.5,136,8.2,35.5,21,10.09.2008,CC-CV,0.05,80%,-20,60,0,25,6.97,4.21,0.823,17.1,10.455,,,,,,,,,,,,,,,,,,,,,,,,,,,,,,,,,,,,,,,,,,,
SDL-06638,SDL-06638,Yoku Energy (Shenzhen) Co,Nickel rich,LFP,Pouch,6567100,Active,Prismatic,300,75,355,4,4.2,3.7,2.75,0.75,4,0.2,82,43.55,4,0.75,0.2,0.5,101,6.7,67.5,21,19.01.2011,CC-CV,0.05,80%,-20,50,-20,30,3.99,4.3,0.248,14.4,6.48375,,,,,,,,,,,,,,,,,,,,,,,,,,,,,,,,,,,,,,,,,,,
SDL-06646,SDL-06646,Yoku Energy (Shenzhen) Co,Nickel rich,LFP,Pouch,7545135,Active,Prismatic,300,80,355,4.2,4.2,3.7,2.75,0.84,4.2,0.2,78,45.5625,4.2,0.84,0.2,0.5,135,7.5,45,21,25.10.2008,CC-CV,0.05,80%,-20,55,-20,25,6.95,4.2,2.581,15.3,10.425,,,,,,,,,,,,,,,,,,,,,,,,,,,,,,,,,,,,,,,,,,,
SDL-07227,SDL-07227,ATL - Amperex Technology,Nickel rich,LFP,Pouch,5080122,Active,Prismatic,500,80,355,4.53,4.2,3.7,3,0.906,10,0.5,106,50.752,4.53,2.26,0.5,0.5,122,5.2,80,21,11.12.2008,CC-CV,0.02,80%,-10,60,-10,40,2.9,4.29,2.165,10.8,4.35,,,,,,,,,,,,,,,,,,,,,,,,,,,,,,,,,,,,,,,,,,,
SDL-07234,SDL-07234,ATL - Amperex Technology,Nickel rich,LFP,Pouch,8235138,Active,Prismatic,500,80,355,3.8,4.2,3.7,3,0.76,3.8,0.2,85,41.055,3.8,1.9,0.2,0.5,138,8.5,35,21,11.12.2008,CC-CV,0.02,80%,0,50,-20,40,1.96,4.27,0.152,14.4,2.94,,,,,,,,,,,,,,,,,,,,,,,,,,,,,,,,,,,,,,,,,,,
SDL-07236,SDL-07236,ATL - Amperex Technology,Nickel rich,LFP,Pouch,8045135,Active,Prismatic,500,80,355,4.4,4.2,3.7,3,0.88,4.4,0.2,95,48.6,4.4,2.2,0.2,0.5,135,8,45,21,11.12.2008,CC-CV,0.02,80%,-20,55,0,30,7.94,4.3,3.908,10.8,11.91,,,,,,,,,,,,,,,,,,,,,,,,,,,,,,,,,,,,,,,,,,,
SDL-07237,SDL-07237,ATL - Amperex Technology,Nickel rich,LFP,Pouch,8845135,Active,Prismatic,500,80,355,4.75,4.2,3.7,3,0.95,4.75,0.2,105,54.675,4.75,2.375,0.2,0.5,135,9,45,21,11.12.2008,CC-CV,0.02,80%,-10,50,-20,30,6.88,4.21,0.603,18,10.32,,,,,,,,,,,,,,,,,,,,,,,,,,,,,,,,,,,,,,,,,,,
SDL-07238,SDL-07238,ATL - Amperex Technology,Nickel rich,LFP,Pouch,5048168,Active,Prismatic,300,80,355,3.8,4.2,3.7,3,0.76,3.8,0.2,85,41.405,3.8,1.9,0.2,0.5,169,5,49,21,16.12.2008,CC-CV,0.02,80%,-20,50,-10,35,2.76,4.21,2.598,18,4.14,,,,,,,,,,,,,,,,,,,,,,,,,,,,,,,,,,,,,,,,,,,
SDL-07239,SDL-07239,ATL - Amperex Technology,Nickel rich,LFP,Pouch,6048168,Active,Prismatic,300,80,355,4.2,4.2,3.7,3,0.84,4.2,0.2,100,49.686,4.2,2.1,0.2,0.5,169,6,49,21,16.12.2008,CC-CV,0.02,80%,-10,60,-10,35,7.79,4.28,1.614,13.5,11.685,,,,,,,,,,,,,,,,,,,,,,,,,,,,,,,,,,,,,,,,,,,
SDL-07240,SDL-07240,ATL - Amperex Technology,Nickel rich,LFP,Pouch,7048168,Active,Prismatic,300,80,355,5.5,4.2,3.7,3,1.1,5.5,0.2,113,62.9356,5.5,2.75,0.2,0.5,169,7.6,49,21,16.12.2008,CC-CV,0.02,80%,-20,60,-10,35,1.69,4.21,0.854,18,2.535,,,,,,,,,,,,,,,,,,,,,,,,,,,,,,,,,,,,,,,,,,,
SDL-09564,SDL-09564,Saft,Nickel rich,"NMC, NCA, NMC/NCA",Cylindrical,VL 12 V,Active,Cyl,2000,80,175,12,4.1,3.6,2.75,12,1500,1,640,270,180,12,1,0.5,47,173,174,47,2.2007,CC-CV,0.01,100%,-10,50,-10,30,4.19,4.29,0.14,10.8,7.542,,,,,,,,,,,,,,,,,,,,,,,,,,,,,,,,,,,,,,,,,,,
SDL-09565,SDL-09565,Saft,Nickel rich,"NMC, NCA, NMC/NCA",Cylindrical,VL 34480,Active,Cyl,500,70,380,4.4,4.2,3.7,2.5,0.9,8.8,1,103,45.8282,4.4,1.1,1,0.5,33.9,50.8,174,33.9,11.2007,CC-CV,0.02,100%,0,55,-10,35,9.03,4.23,0.149,10.8,19.866,,,,,,,,,,,,,,,,,,,,,,,,,,,,,,,,,,,,,,,,,,,
SDL-09566,SDL-09566,Saft,Nickel rich,"NMC, NCA, NMC/NCA",Cylindrical,VL 37570,Active,Cyl,500,70,385,7,4.2,3.7,2.5,1.4,14,1,149,65.3326,7,1.4,1,0.5,37.4,59.5,174,37.4,11.2007,CC-CV,0.02,100%,-10,55,-10,35,3.44,4.21,0.132,9,7.568,,,,,,,,,,,,,,,,,,,,,,,,,,,,,,,,,,,,,,,,,,,
SDL-12690,SDL-12690,General Electronics Battery Co,Nickel rich,LFP,Cylindrical,GEB32650,Active,Cyl,600,80,355,6,4.2,3.7,2.75,3,6,0.2,140,52.2496,3,1.2,0.2,0.5,32.5,66.5,174,32.5,06.03.2019,CC-CV,0.02,100%,-20,50,-10,30,3.05,4.27,0.098,14.4,4.575,,,,,,,,,,,,,,,,,,,,,,,,,,,,,,,,,,,,,,,,,,,
SDL-12800,SDL-12800,Saft,Nickel rich,"NMC, NCA, NMC/NCA",Cylindrical,VL 4V,Active,Cyl,2000,80,100,4.4,4.1,3.6,2.5,4.4,500,1,320,161.0466,66,4.4,1,0.5,34.2,175.4,174,34.2,4.2007,CC-CV,0.01,100%,-20,55,0,25,6.72,4.25,0.104,9,12.096,,,,,,,,,,,,,,,,,,,,,,,,,,,,,,,,,,,,,,,,,,,
SDL-12801,SDL-12801,Saft,Nickel rich,"NMC, NCA, NMC/NCA",Cylindrical,VL 6A,Active,Cyl,5000,80,355,6,4.1,3.65,2,12,750,1,340,158.6681,90,6,1,0.5,35,165,174,35,9.2007,CC-CV,0.01,100%,0,60,-20,40,5.47,4.22,0.178,9.9,9.846,,,,,,,,,,,,,,,,,,,,,,,,,,,,,,,,,,,,,,,,,,,
SDL-12802,SDL-12802,Saft,Nickel rich,"NMC, NCA, NMC/NCA",Cylindrical,VL 8V,Active,Cyl,2000,80,122,8.5,4.1,3.6,2.5,8.5,1000,1,470,252.0227,127.5,8.5,1,0.5,42,182,174,42,4.2007,CC-CV,0.01,100%,-20,60,-10,30,3.63,4.26,0.17,7.2,6.534,,,,,,,,,,,,,,,,,,,,,,,,,,,,,,,,,,,,,,,,,,,
SDL-14721,SDL-14721,E-One Moli Energy (Canada) Limited,Nickel rich,LFP,Cylindrical,IBR-26700A,Active,Cyl,500,80,335,3.5,4.2,3.75,2.5,0.7,15,2.9,95,38.298,3.7,0.7,2.9,0.5,26.4,70,174,26.4,9.2006,CC-CV,0.02,80%,-20,50,-20,40,6.19,4.28,0.234,10.8,9.285,,,,,,,,,,,,,,,,,,,,,,,,,,,,,,,,,,,,,,,,,,,
SDL-14857,SDL-14857,Saft,Nickel rich,"NMC, NCA, NMC/NCA",Cylindrical,VL 32600-125,Active,Cyl,200,70,355,4.5,4.1,3.6,2.5,0.9,2.3,0.2,139,55.5009,2,0.9,0.2,0.5,32.05,61.85,174,32.05,1.201,CC-CV,0.02,100%,-20,55,-20,25,7.43,4.28,0.156,9,16.346,,,,,,,,,,,,,,,,,,,,,,,,,,,,,,,,,,,,,,,,,,,
SDL-14876,SDL-14876,Saft,Nickel rich,"NMC, NCA, NMC/NCA",Cylindrical,VL 34P,Active,Cyl,2000,80,280,33,4.1,3.6,2.5,33,500,0.5,940,410,16.5,16.25,0.5,0.5,54,195,174,54,6.2007,CC-CV,0.02,100%,-10,60,-20,40,7.78,4.29,0.113,9.9,14.004,,,,,,,,,,,,,,,,,,,,,,,,,,,,,,,,,,,,,,,,,,,
SDL-14955,SDL-14955,Wuhan Lisun Power Corp. Ltd,Nickel rich,LFP,Prismatic,IMP225054S,Active,Prismatic,400,80,355,3.5,4.2,3.7,2.75,0.7,3.5,1,155,67.116,1,0.7,1,0.5,56,23.5,51,21,File No.:Q/LX.S.E.04.022-2006 ,CC-CV,0.02,80%,0,50,-10,30,3,4.22,3.194,16.2,4.5,,,,,,,,,,,,,,,,,,,,,,,,,,,,,,,,,,,,,,,,,,,
SDL-14956,SDL-14956,Wuhan Lisun Power Corp. Ltd,Nickel rich,LFP,Prismatic,IMP225058S,Active,Prismatic,500,80,355,4,4.2,3.7,2.75,0.8,4,1,160,71.91,1,0.8,1,0.5,60,23.5,51,21,File No.:Q/LX.S.E.04.021-2006 ,CC-CV,0.02,80%,-10,60,-20,40,3.42,4.27,0.745,14.4,5.13,,,,,,,,,,,,,,,,,,,,,,,,,,,,,,,,,,,,,,,,,,,
SDL-14957,SDL-14957,Wuhan Lisun Power Corp. Ltd,Nickel rich,LFP,Prismatic,ICP174167S,Active,Prismatic,500,80,355,4,4.2,3.7,2.75,0.8,1,1,130,53.613,1,0.8,1,0.5,69,18.5,42,21,File No.:Q/LX.S.E.04.002-2006 ,CC-CV,0.02,80%,0,60,0,25,6.38,4.21,8.433,10.8,9.57,,,,,,,,,,,,,,,,,,,,,,,,,,,,,,,,,,,,,,,,,,,
SDL-14958,SDL-14958,Wuhan Lisun Power Corp. Ltd,Nickel rich,LFP,Prismatic,ICP254145S,Active,Prismatic,500,80,355,4,4.2,3.7,2.75,0.8,2,1,115,52.311,1,0.8,1,0.5,47,25.5,41.5,21,File No.:Q/LX.S.E.04.024-2006 ,CC-CV,0.02,80%,-20,60,0,40,4.49,4.21,4.34,18,6.735,,,,,,,,,,,,,,,,,,,,,,,,,,,,,,,,,,,,,,,,,,,
SDL-14959,SDL-14959,Wuhan Lisun Power Corp. Ltd,Nickel rich,LFP,Prismatic,ICP225054S,Active,Prismatic,500,80,355,5,4.2,3.7,2.75,1,1,1,155,67.116,1,1,1,0.5,56,23.5,51,21,-,CC-CV,0.02,80%,0,60,0,35,7.08,4.23,2.141,18,10.62,,,,,,,,,,,,,,,,,,,,,,,,,,,,,,,,,,,,,,,,,,,
SDL-14960,SDL-14960,Wuhan Lisun Power Corp. Ltd,Nickel rich,LFP,Prismatic,IMP225069S,Active,Prismatic,500,80,355,5,4.2,3.7,2.75,1,1,1,195,85.0935,1,1,1,0.5,71,23.5,51,21,File No.:Q/LX.S.E.04.008-2006 ,CC-CV,0.02,80%,0,55,0,30,7.18,4.27,5.174,12.6,10.77,,,,,,,,,,,,,,,,,,,,,,,,,,,,,,,,,,,,,,,,,,,
SDL-14961,SDL-14961,Wuhan Lisun Power Corp. Ltd,Nickel rich,LFP,Prismatic,ICP226769S,Active,Prismatic,500,80,355,6.5,4.2,3.7,2.75,1.3,3,1,235,113.458,1,1.3,1,0.5,71,23.5,68,21,-,CC-CV,0.02,80%,-10,60,-20,35,1.97,4.28,2.741,11.7,2.955,,,,,,,,,,,,,,,,,,,,,,,,,,,,,,,,,,,,,,,,,,,
SDL-14962,SDL-14962,Wuhan Lisun Power Corp. Ltd,Nickel rich,LFP,Prismatic,ICP225069S,Active,Prismatic,500,80,355,7,4.2,3.7,2.75,1.4,1.4,1,195,85.0935,1.4,1.4,1,0.5,71,23.5,51,21,File No.:Q/LX.S.E.04.006-2006 ,CC-CV,0.02,80%,-20,60,-10,35,4.89,4.29,4.434,10.8,7.335,,,,,,,,,,,,,,,,,,,,,,,,,,,,,,,,,,,,,,,,,,,
SDL-14963,SDL-14963,Wuhan Lisun Power Corp. Ltd,Nickel rich,LFP,Prismatic,ICP226754M,Active,Prismatic,500,80,355,7,4.2,3.7,2.75,7,7,1,210,110.262,7,7,1,0.5,69,23.5,68,21,File No.:Q/LX.S.E.04.016-2006 ,CC-CV,0.02,80%,-10,50,-10,30,2.38,4.27,4.231,18,3.57,,,,,,,,,,,,,,,,,,,,,,,,,,,,,,,,,,,,,,,,,,,
SDL-14964,SDL-14964,Wuhan Lisun Power Corp. Ltd,Nickel rich,LFP,Prismatic,ICP226769S,Active,Prismatic,500,80,355,9,4.2,3.7,2.75,1.8,1.8,1,235,113.458,1.8,1.8,1,0.5,71,23.5,68,21,File No.:Q/LX.S.E.04.010-2006 ,CC-CV,0.02,80%,-20,55,-10,40,2.75,4.24,8.018,15.3,4.125,,,,,,,,,,,,,,,,,,,,,,,,,,,,,,,,,,,,,,,,,,,
SDL-14965,SDL-14965,Wuhan Lisun Power Corp. Ltd,Nickel rich,LFP,Prismatic,ICP257054M,Active,Prismatic,500,80,355,9,4.2,3.7,2.75,9,9,1,250,129.8235,9,9,1,0.5,71,26.5,69,21,File No.:Q/LX.S.E.04.018-2006 ,CC-CV,0.02,80%,-10,55,-10,40,3.79,4.23,11.675,17.1,5.685,,,,,,,,,,,,,,,,,,,,,,,,,,,,,,,,,,,,,,,,,,,
SDL-16572,SDL-16572,Saft,Nickel rich,"NMC, NCA, NMC/NCA",Cylindrical,VL 52E,Active,Cyl,500,80,392,52,4.1,3.6,2.75,10.4,52,1,1000,476.1245,52,5.2,1,0.5,54,208,174,54,-,CC-CV,0.01,100,-10,50,-20,30,2.52,4.25,0.026,9.9,4.536,,,,,,,,,,,,,,,,,,,,,,,,,,,,,,,,,,,,,,,,,,,
SDL-16776,SDL-16776,"Kayo battery co., ltd",Lithium Iron Phosphate,LFP,Cylindrical,KFL 32650-10P,Active,Cyl,2000,80,355,3.8,3.65,3.2,2.5,0.76,38,0.5,120,53.8952,3.8,1.52,0.5,0.5,32.5,65,174,32.5,-,CC-CV,0.02,80%,-20,50,-10,25,8.17,4.21,0.114,10.8,12.255,,,,,,,,,,,,,,,,,,,,,,,,,,,,,,,,,,,,,,,,,,,
SDL-16777,SDL-16777,"Kayo battery co., ltd",Lithium Iron Phosphate,LFP,Cylindrical,KFL 32650,Active,Cyl,2000,80,355,4,3.65,3.2,2.5,0.8,12,0.5,125,53.8952,4,1.6,0.5,0.5,32.5,65,174,32.5,-,CC-CV,0.02,80%,0,50,-10,30,5.35,4.23,0.241,18,8.025,,,,,,,,,,,,,,,,,,,,,,,,,,,,,,,,,,,,,,,,,,,
SDL-16819,SDL-16819,GS Yuasa Technology,Lithium Cobalt Oxide,LCO,Prismatic,LVP10,Active,Prismatic,500,80,195,11.5,4.2,3.7,3,1.15,57.5,1,490,218.4,11.5,2.3,1,0.5,130,21,80,21,-,CC-CV,0.02,80%,0,60,-10,25,5.87,4.25,10.024,6.3,10.566,,,,,,,,,,,,,,,,,,,,,,,,,,,,,,,,,,,,,,,,,,,
SDL-16835a,SDL-16835,EAS Batteries,Nickel rich,NCA,Cylindrical,HP-601300 NCA,Active,Cyl,1000,80,264,27,4.2,3.6,2.7,54,270,0.5,980,449.334,162,27,0.5,0.5,60,159,174,60,6.2009,CC-CV,0.01,100%,-20,50,-10,25,3.8,4.23,0.175,8.1,8.36,,,,,,,,,,,,,,,,,,,,,,,,,,,,,,,,,,,,,,,,,,,
SDL-16835b,SDL-16835,EAS Batteries,Nickel rich,NCA,Cylindrical,HP-601300 NCA,Active,Cyl,2000,60,264,27,4.2,3.6,2.7,54,270,0.5,980,449.334,162,27,0.5,0.5,60,159,174,60,6.2009,CC-CV,0.01,100%,-20,55,-10,35,2.54,4.27,0.056,8.1,8.636,,,,,,,,,,,,,,,,,,,,,,,,,,,,,,,,,,,,,,,,,,,
SDL-18448,SDL-18448,Saft,Nickel rich,"NMC, NCA, NMC/NCA",Prismatic,MP174565,Active,Prismatic,600,70,423,4.8,4.2,3.75,2.5,1,10,0.5,103,42.5,5,1,1,0.5,70,18.1,45.5,21,9.2009,CC-CV,0.02,100%,-20,55,-20,25,8.61,4.28,5.812,8.1,18.942,,,,,,,,,,,,,,,,,,,,,,,,,,,,,,,,,,,,,,,,,,,
SDL-18449,SDL-18449,Saft,Nickel rich,"NMC, NCA, NMC/NCA",Prismatic,MP174865 IS,Active,Prismatic,850,70,335,4.8,4.1,3.65,2.5,1.1,10,0.5,124,52,5,0.58,0.5,0.5,65,19,48,21,11.2007,CC-CV,0.02,100%,0,55,0,40,2.61,4.24,12.261,7.2,5.742,,,,,,,,,,,,,,,,,,,,,,,,,,,,,,,,,,,,,,,,,,,
SDL-18452,SDL-18452,Saft,Nickel rich,"NMC, NCA, NMC/NCA",Cylindrical,VL 48E,Active,Cyl,500,80,300,48,4.1,3.6,2.5,4.8,100,1,1150,572.265,48,4.8,1,0.5,54,245,174,54,9.2007,CC-CV,0.02,100%,-20,55,0,40,8.05,4.25,0.126,9.9,14.49,,,,,,,,,,,,,,,,,,,,,,,,,,,,,,,,,,,,,,,,,,,
SDL-18653,SDL-18653,Saft,Lithium Iron Phosphate,LFP,Cylindrical,VL 10VFE,Active,Cyl,600,80,128,10,3.65,3.3,2.5,10,1500,1,600,270,10,1,1,0.5,47,173,174,47,2.2007,CC-CV,0.02,80%,0,50,-20,40,9.88,4.28,0.026,13.5,14.82,,,,,,,,,,,,,,,,,,,,,,,,,,,,,,,,,,,,,,,,,,,
SDL-18654,SDL-18654,Saft,Lithium Iron Phosphate,LFP,Cylindrical,VL 25PFE,Active,Cyl,2500,75,189,25,3.65,3.3,2.5,25,500,0.5,940,451.3401,12.5,5,0.5,0.5,54,195,174,54,8.2007,CC-CV,0.02,80%,-20,55,0,30,4.98,4.25,0.049,14.4,8.0925,,,,,,,,,,,,,,,,,,,,,,,,,,,,,,,,,,,,,,,,,,,
SDL-20110,SDL-20110,Eemb Co,Lithium Cobalt Oxide,ambigious - LCO,Pouch,LP6545135,Active,Prismatic,500,80,355,3.8,4.2,3.7,2.7,0.76,7.6,0.5,82,39.4875,1.75,0.76,0.5,0.5,135,6.5,45,21,-,CC-CV,0.02,80%,0,55,-20,40,3.22,4.23,1.179,9.9,5.796,,,,,,,,,,,,,,,,,,,,,,,,,,,,,,,,,,,,,,,,,,,
SDL-20112a,SDL-20112,Eemb Co,Lithium Cobalt Oxide,ambigious - LCO,Pouch,LP8545135-PCM-LD,Active,Prismatic,500,80,355,5.6,4.2,3.7,2.7,1.12,11.2,0.5,105,51.6375,5.6,1.12,0.5,0.5,135,8.5,45,21,14.10.2015,CC-CV,0.02,80%,-10,55,-10,35,5.45,4.24,1.511,8.1,9.81,,,,,,,,,,,,,,,,,,,,,,,,,,,,,,,,,,,,,,,,,,,
SDL-20112b,SDL-20112,Eemb Co,Lithium Cobalt Oxide,ambigious - LCO,Pouch,LP8545135-PCM-LD,Active,Prismatic,800,80,355,5.6,4.2,3.7,2.7,1.12,11.2,0.2,105,51.6375,5.6,1.12,0.2,0.5,135,8.5,45,21,14.10.2015,CC-CV,0.02,80%,-20,60,-20,40,5.72,4.22,1.62,9.9,10.296,,,,,,,,,,,,,,,,,,,,,,,,,,,,,,,,,,,,,,,,,,,
SDL-20131a,SDL-20131,Eemb Co,Lithium Cobalt Oxide,ambigious - LCO,Pouch,LP6548166,Active,Prismatic,500,80,355,5.6,4.2,3.7,2.7,1.12,11.2,0.5,112,51.792,5.6,1.12,0.5,0.5,166,6.5,48,21,03.11.2020,CC-CV,0.02,80%,-20,60,-10,35,7.78,4.24,3.617,8.1,14.004,,,,,,,,,,,,,,,,,,,,,,,,,,,,,,,,,,,,,,,,,,,
SDL-20131b,SDL-20131,Eemb Co,Lithium Cobalt Oxide,ambigious - LCO,Pouch,LP6548166,Active,Prismatic,800,80,355,5.6,4.2,3.7,2.7,1.12,11.2,0.2,112,51.792,5.6,1.12,0.2,0.5,166,6.5,48,21,03.11.2020,CC-CV,0.02,80%,-10,55,0,35,2.47,4.2,1.81,9,4.446,,,,,,,,,,,,,,,,,,,,,,,,,,,,,,,,,,,,,,,,,,,
SDL-20132a,SDL-20132,Eemb Co,Lithium Cobalt Oxide,ambigious - LCO,Pouch,LP6848166,Active,Prismatic,500,80,355,5.2,4.2,3.7,2.7,1.04,10.4,0.5,110,54.1824,5.2,1.04,0.5,0.5,166,6.8,48,21,03.11.2020,CC-CV,0.02,80%,-10,55,-10,25,7.82,4.23,1.551,10.8,14.076,,,,,,,,,,,,,,,,,,,,,,,,,,,,,,,,,,,,,,,,,,,
SDL-20132b,SDL-20132,Eemb Co,Lithium Cobalt Oxide,ambigious - LCO,Pouch,LP6848166,Active,Prismatic,800,80,355,5.2,4.2,3.7,2.7,1.04,10.4,0.2,110,54.1824,5.2,1.04,0.2,0.5,166,6.8,48,21,03.11.2020,CC-CV,0.02,80%,-20,60,-10,35,5.7,4.23,1.249,10.8,10.26,,,,,,,,,,,,,,,,,,,,,,,,,,,,,,,,,,,,,,,,,,,
SDL-20133a,SDL-20133,Eemb Co,Lithium Cobalt Oxide,ambigious - LCO,Pouch,LP7548166,Active,Prismatic,500,80,355,6.2,4.2,3.7,2.7,1.24,12.4,0.5,124.5,59.76,6.2,1.24,0.5,0.5,166,7.5,48,21,28.07.2017,CC-CV,0.02,80%,-20,55,-10,25,2.98,4.21,1.067,9,5.364,,,,,,,,,,,,,,,,,,,,,,,,,,,,,,,,,,,,,,,,,,,
SDL-20133b,SDL-20133,Eemb Co,Lithium Cobalt Oxide,ambigious - LCO,Pouch,LP7548166,Active,Prismatic,800,80,355,6.2,4.2,3.7,2.7,1.24,12.4,0.2,124.5,59.76,6.2,1.24,0.2,0.5,166,7.5,48,21,28.07.2017,CC-CV,0.02,80%,-20,60,-10,25,6.95,4.25,3.466,8.1,12.51,,,,,,,,,,,,,,,,,,,,,,,,,,,,,,,,,,,,,,,,,,,
SDL-20149a,SDL-20149,Eemb Co,Lithium Cobalt Oxide,ambigious - LCO,Pouch,LP855085-PCM-NTC-LD,Active,Prismatic,500,80,355,3.9,4.2,3.7,2.7,0.78,7.8,0.5,78,36.125,3.9,0.78,0.5,0.5,85,8.5,50,21,-,CC-CV,0.02,80%,-10,60,0,35,2.5,4.27,1.28,9.9,4.5,,,,,,,,,,,,,,,,,,,,,,,,,,,,,,,,,,,,,,,,,,,
SDL-20149b,SDL-20149,Eemb Co,Lithium Cobalt Oxide,ambigious - LCO,Pouch,LP855085-PCM-NTC-LD,Active,Prismatic,800,80,355,3.9,4.2,3.7,2.7,0.78,7.8,0.2,78,36.125,3.9,0.78,0.2,0.5,85,8.5,50,21,-,CC-CV,0.02,80%,-10,50,0,30,3.78,4.21,2.041,7.2,6.804,,,,,,,,,,,,,,,,,,,,,,,,,,,,,,,,,,,,,,,,,,,
SDL-20153a,SDL-20153,Eemb Co,Lithium Cobalt Oxide,ambigious - LCO,Pouch,LP9051109-PCM-NTC-LD,Active,Prismatic,500,80,355,5.5,4.2,3.7,2.7,1.1,11,0.5,110,50.031,5.5,1.1,0.5,0.5,109,9,51,21,-,CC-CV,0.02,80%,0,50,0,40,5.79,4.23,3.359,10.8,10.422,,,,,,,,,,,,,,,,,,,,,,,,,,,,,,,,,,,,,,,,,,,
SDL-20153b,SDL-20153,Eemb Co,Lithium Cobalt Oxide,ambigious - LCO,Pouch,LP9051109-PCM-NTC-LD,Active,Prismatic,800,80,355,5.5,4.2,3.7,2.7,1.1,11,0.2,110,50.031,5.5,1.1,0.2,0.5,109,9,51,21,-,CC-CV,0.02,80%,0,55,-10,30,2.9,4.24,0.456,8.1,5.22,,,,,,,,,,,,,,,,,,,,,,,,,,,,,,,,,,,,,,,,,,,
SDL-20180a,SDL-20180,Eemb Co,Lithium Cobalt Oxide,ambigious - LCO,Pouch,LP925572,Active,Prismatic,500,80,355,4,4.2,3.7,2.7,0.8,8,0.5,72,36.432,4,0.8,0.5,0.5,72,9.2,55,21,14.07.2017,CC-CV,0.02,80%,0,50,-20,40,6.28,4.29,1.401,8.1,11.304,,,,,,,,,,,,,,,,,,,,,,,,,,,,,,,,,,,,,,,,,,,
SDL-20180b,SDL-20180,Eemb Co,Lithium Cobalt Oxide,ambigious - LCO,Pouch,LP925572,Active,Prismatic,800,80,355,4,4.2,3.7,2.7,0.8,8,0.2,72,36.432,4,0.8,0.2,0.5,72,9.2,55,21,14.07.2017,CC-CV,0.02,80%,0,60,-10,35,6.71,4.2,3.77,9,12.078,,,,,,,,,,,,,,,,,,,,,,,,,,,,,,,,,,,,,,,,,,,
SDL-20209a,SDL-20209,Eemb Co,Lithium Cobalt Oxide,ambigious - LCO,Pouch,LP956167-PCM-LD,Active,Prismatic,500,80,355,4,4.2,3.7,2.7,0.8,8,0.5,80,38.8265,4,0.8,0.5,0.5,67,9.5,61,21,23.09.2015,CC-CV,0.02,80%,-20,60,0,40,2.14,4.27,0.782,8.1,3.852,,,,,,,,,,,,,,,,,,,,,,,,,,,,,,,,,,,,,,,,,,,
SDL-20209b,SDL-20209,Eemb Co,Lithium Cobalt Oxide,ambigious - LCO,Pouch,LP956167-PCM-LD,Active,Prismatic,800,80,355,4,4.2,3.7,2.7,0.8,8,0.2,80,38.8265,4,0.8,0.2,0.5,67,9.5,61,21,23.09.2015,CC-CV,0.02,80%,-20,50,-10,35,1.89,4.22,2.526,7.2,3.402,,,,,,,,,,,,,,,,,,,,,,,,,,,,,,,,,,,,,,,,,,,
SDL-20211a,SDL-20211,Eemb Co,Lithium Cobalt Oxide,ambigious - LCO,Pouch,LP656194-PCM-LD,Active,Prismatic,500,80,355,4,4.2,3.7,2.7,0.8,8,0.5,80,37.271,4,0.8,0.5,0.5,94,6.5,61,21,21.01.2015,CC-CV,0.02,80%,-20,50,-10,30,7.29,4.22,0.245,7.2,13.122,,,,,,,,,,,,,,,,,,,,,,,,,,,,,,,,,,,,,,,,,,,
SDL-20211b,SDL-20211,Eemb Co,Lithium Cobalt Oxide,ambigious - LCO,Pouch,LP656194-PCM-LD,Active,Prismatic,800,80,355,4,4.2,3.7,2.7,0.8,8,0.2,80,37.271,4,0.8,0.2,0.5,94,6.5,61,21,21.01.2015,CC-CV,0.02,80%,0,60,-10,30,5.18,4.27,0.545,8.1,9.324,,,,,,,,,,,,,,,,,,,,,,,,,,,,,,,,,,,,,,,,,,,
SDL-20223a,SDL-20223,Eemb Co,Lithium Cobalt Oxide,ambigious - LCO,Pouch,LP857062-PCM-NTC-LD ,Active,Prismatic,500,80,355,3.8,4.2,3.7,2.7,0.76,7.6,0.5,71.5,36.89,3.8,0.76,0.5,0.5,70,8.5,62,21,04.03.2015,CC-CV,0.02,80%,-20,50,-20,25,5.82,4.28,2.909,10.8,10.476,,,,,,,,,,,,,,,,,,,,,,,,,,,,,,,,,,,,,,,,,,,
SDL-20223b,SDL-20223,Eemb Co,Lithium Cobalt Oxide,ambigious - LCO,Pouch,LP857062-PCM-NTC-LD ,Active,Prismatic,800,80,355,3.8,4.2,3.7,2.7,0.76,7.6,0.2,71.5,36.89,3.8,0.76,0.2,0.5,70,8.5,62,21,04.03.2015,CC-CV,0.02,80%,0,55,-10,35,2.31,4.23,0.348,10.8,4.158,,,,,,,,,,,,,,,,,,,,,,,,,,,,,,,,,,,,,,,,,,,
SDL-20224a,SDL-20224,Eemb Co,Lithium Cobalt Oxide,ambigious - LCO,Pouch,LP50100100,Active,Prismatic,500,80,355,4.8,4.2,3.7,2.7,0.96,9.6,0.5,96,50,4.8,0.96,0.5,0.5,100,5,100,21,02.11.2018,CC-CV,0.02,80%,-10,50,-20,35,2.97,4.25,0.378,8.1,5.346,,,,,,,,,,,,,,,,,,,,,,,,,,,,,,,,,,,,,,,,,,,
SDL-20224b,SDL-20224,Eemb Co,Lithium Cobalt Oxide,ambigious - LCO,Pouch,LP50100100,Active,Prismatic,800,80,355,4.8,4.2,3.7,2.7,0.96,9.6,0.2,96,50,4.8,0.96,0.2,0.5,100,5,100,21,02.11.2018,CC-CV,0.02,80%,-10,55,-10,35,6.31,4.25,0.837,9.9,11.358,,,,,,,,,,,,,,,,,,,,,,,,,,,,,,,,,,,,,,,,,,,
SDL-20226,SDL-20226,Eemb Co,Lithium Cobalt Oxide,ambigious - LCO,Pouch,LP61100100,Active,Prismatic,500,80,355,6.8,4.2,3.7,2.7,1.36,13.6,0.5,124,61,6.4,1.36,0.5,0.5,100,6.1,100,21,-,CC-CV,0.02,80%,-20,50,-10,30,7.39,4.22,1.39,9,13.302,,,,,,,,,,,,,,,,,,,,,,,,,,,,,,,,,,,,,,,,,,,
SDL-20228a,SDL-20228,Eemb Co,Lithium Cobalt Oxide,ambigious - LCO,Pouch,LP38103122,Active,Prismatic,500,80,355,5.2,4.2,3.7,2.7,1.04,10.4,0.5,104,47.7508,5.2,1.04,0.5,0.5,122,3.8,103,21,05.11.2014,CC-CV,0.02,80%,0,55,0,40,3.25,4.22,0.553,9.9,5.85,,,,,,,,,,,,,,,,,,,,,,,,,,,,,,,,,,,,,,,,,,,
SDL-20228b,SDL-20228,Eemb Co,Lithium Cobalt Oxide,ambigious - LCO,Pouch,LP38103122,Active,Prismatic,800,80,355,5.2,4.2,3.7,2.7,1.04,10.4,0.2,104,47.7508,5.2,1.04,0.2,0.5,122,3.8,103,21,05.11.2014,CC-CV,0.02,80%,-10,60,-20,30,4.45,4.24,0.667,10.8,8.01,,,,,,,,,,,,,,,,,,,,,,,,,,,,,,,,,,,,,,,,,,,
SDL-20231,SDL-20231,Eemb Co,Lithium Cobalt Oxide,ambigious - LCO,Pouch,LP55103122,Active,Prismatic,500,80,355,6.6,4.2,3.7,2.7,1.32,13.2,0.5,134,69.113,3.3,1.32,0.5,0.5,122,5.5,103,21,-,CC-CV,0.02,80%,-20,50,-20,25,5.47,4.21,1.145,9,9.846,,,,,,,,,,,,,,,,,,,,,,,,,,,,,,,,,,,,,,,,,,,
SDL-20232,SDL-20232,Eemb Co,Lithium Cobalt Oxide,ambigious - LCO,Pouch,LP70103122,Active,Prismatic,500,80,355,8.7,4.2,3.7,2.7,1.74,17.4,0.5,173,87.962,4.1,1.74,0.5,0.5,122,7,103,21,-,CC-CV,0.02,80%,-20,60,-10,35,4.37,4.29,0.53,9.9,7.866,,,,,,,,,,,,,,,,,,,,,,,,,,,,,,,,,,,,,,,,,,,
SDL-20371a,SDL-20371,Eemb Co,Lithium Cobalt Oxide,ambigious - LCO,Pouch,LP6848166,Active,Prismatic,500,80,355,5.2,4.2,3.7,2.7,1.04,10.4,0.5,115,54.1824,5.2,1.04,0.5,0.5,166,6.8,48,21,28.07.2017,CC-CV,0.02,80%,-20,50,-20,40,3.36,4.27,3.715,8.1,6.048,,,,,,,,,,,,,,,,,,,,,,,,,,,,,,,,,,,,,,,,,,,
SDL-20371b,SDL-20371,Eemb Co,Lithium Cobalt Oxide,ambigious - LCO,Pouch,LP6848166,Active,Prismatic,800,80,355,5.2,4.2,3.7,2.7,1.04,10.4,0.2,115,54.1824,5.2,1.04,0.2,0.5,166,6.8,48,21,28.07.2017,CC-CV,0.02,80%,-10,60,-10,25,6.88,4.2,1.78,9.9,12.384,,,,,,,,,,,,,,,,,,,,,,,,,,,,,,,,,,,,,,,,,,,
SDL-20382,SDL-20382,Eemb Co,Lithium Cobalt Oxide,ambigious - LCO,Pouch,LP8867220,Active,Prismatic,800,80,355,10,4.2,3.7,2.7,2,20,1,200,129.712,10,2,1,0.5,220,8.8,67,21,03.02.2015,CC-CV,0.02,80%,0,55,-20,35,5.34,4.25,2.368,10.8,9.612,,,,,,,,,,,,,,,,,,,,,,,,,,,,,,,,,,,,,,,,,,,
SDL-20391,SDL-20391,ENAX,Nickel rich,LFP,Pouch,ENL-LM20,Active,Prismatic,400,80,355,20,4.2,3.8,3,4,20,1,550,380.25,20,4,1,0.5,325,7.5,156,21,PR-L-02-03 ,CC-CV,0.02,80%,-20,60,-10,35,5.66,4.26,3.035,10.8,8.49,,,,,,,,,,,,,,,,,,,,,,,,,,,,,,,,,,,,,,,,,,,
SDL-20392,SDL-20392,ENAX,Nickel rich,LFP,Pouch,ENW-LM08,Active,Prismatic,400,80,355,8,4.2,3.8,3,1.66,8,1,220,141.68,8,1.66,1,0.5,161,5.5,160,21,PR-W-02-01 ,CC-CV,0.02,80%,0,55,-20,25,2.42,4.22,2.6,15.3,3.63,,,,,,,,,,,,,,,,,,,,,,,,,,,,,,,,,,,,,,,,,,,
SDL-20393,SDL-20393,ENAX,Nickel rich,LFP,Pouch,ENS-XE36,Active,Prismatic,400,80,355,3.6,4.2,3.7,3,0.72,3.6,1,105,75.68,3.6,0.78,1,0.5,160,5.5,86,21,PR-S-03-01 ,CC-CV,0.02,80%,0,55,-10,25,5.99,4.25,0.637,10.8,8.985,,,,,,,,,,,,,,,,,,,,,,,,,,,,,,,,,,,,,,,,,,,
SDL-21234,SDL-21234,Neosonic Li-Polymer Energy,Nickel rich,"NMC, NCA, NMC/NCA",Pouch,KMBNK08035130S,Active,Prismatic,1000,80,355,4.9,4.2,3.7,3,0.98,4.9,0.2,90,40.04,4.9,0.98,0.5,0.5,130,8.8,35,21,-,CC-CV,0.02,80%,-20,50,-10,25,2.83,4.25,1.049,7.2,5.094,,,,,,,,,,,,,,,,,,,,,,,,,,,,,,,,,,,,,,,,,,,
SDL-21235,SDL-21235,Neosonic Li-Polymer Energy,Nickel rich,"NMC, NCA, NMC/NCA",Pouch,KMBNS08035130S,Active,Prismatic,1000,80,355,4.5,4.2,3.7,3,0.9,4.5,0.5,90,40.04,4.5,0.9,0.5,0.5,130,8.8,35,21,-,CC-CV,0.02,80%,0,55,0,25,3.22,4.23,2.229,9,5.796,,,,,,,,,,,,,,,,,,,,,,,,,,,,,,,,,,,,,,,,,,,
SDL-21236,SDL-21236,Neosonic Li-Polymer Energy,Nickel rich,"NMC, NCA, NMC/NCA",Pouch,KMBNK06035195S,Active,Prismatic,1000,80,355,5,4.2,3.7,3,1,5,0.2,100,40.95,5,1,0.5,0.5,195,6,35,21,-,CC-CV,0.02,80%,0,60,-20,35,2.05,4.29,0.154,8.1,3.69,,,,,,,,,,,,,,,,,,,,,,,,,,,,,,,,,,,,,,,,,,,
SDL-21237,SDL-21237,Neosonic Li-Polymer Energy,Nickel rich,"NMC, NCA, NMC/NCA",Pouch,KMBNS06035195S,Active,Prismatic,1000,80,355,4.6,4.2,3.7,3,0.92,4.6,0.5,100,40.95,4.6,0.92,0.5,0.5,195,6,35,21,-,CC-CV,0.02,80%,0,55,-20,35,2.34,4.29,0.613,10.8,4.212,,,,,,,,,,,,,,,,,,,,,,,,,,,,,,,,,,,,,,,,,,,
SDL-21238,SDL-21238,Neosonic Li-Polymer Energy,Nickel rich,"NMC, NCA, NMC/NCA",Pouch,KMBNK06065108S,Active,Prismatic,500,80,355,5.1,4.2,3.7,3,1.02,5.1,0.5,95,42.12,5.1,1.02,0.5,0.5,108,6,65,21,-,CC-CV,0.02,80%,-10,60,0,35,1.87,4.24,1.283,7.2,3.366,,,,,,,,,,,,,,,,,,,,,,,,,,,,,,,,,,,,,,,,,,,
SDL-21239,SDL-21239,Neosonic Li-Polymer Energy,Nickel rich,"NMC, NCA, NMC/NCA",Pouch,KMBNS06065108S,Active,Prismatic,500,80,355,4.7,4.2,3.7,3,0.94,4.7,0.5,95,42.12,4.7,0.94,0.5,0.5,108,6,65,21,-,CC-CV,0.02,80%,-10,50,0,40,2.5,4.3,1.311,7.2,4.5,,,,,,,,,,,,,,,,,,,,,,,,,,,,,,,,,,,,,,,,,,,
SDL-21240,SDL-21240,Neosonic Li-Polymer Energy,Nickel rich,"NMC, NCA, NMC/NCA",Pouch,KMBNK45065144S,Active,Prismatic,1000,80,355,5,4.2,3.7,3,1,5,0.5,125,42.12,5,1,0.5,0.5,144,4.5,65,21,-,CC-CV,0.02,80%,-20,55,0,30,1.6,4.24,0.221,10.8,2.88,,,,,,,,,,,,,,,,,,,,,,,,,,,,,,,,,,,,,,,,,,,
SDL-21241,SDL-21241,Neosonic Li-Polymer Energy,Nickel rich,"NMC, NCA, NMC/NCA",Pouch,KMBNS45065144S,Active,Prismatic,500,80,355,4.6,4.2,3.7,3,0.92,4.6,0.5,125,42.12,4.6,0.92,0.5,0.5,144,4.5,65,21,-,CC-CV,0.02,80%,0,50,-10,30,7.34,4.21,2.161,9.9,13.212,,,,,,,,,,,,,,,,,,,,,,,,,,,,,,,,,,,,,,,,,,,
SDL-21778,SDL-21778,LECLANCHÉ,Nickel rich,NMC,Pouch,904823,Active,Prismatic,500,80,273,22,4.2,3.7,3,4.4,66,1,650,297.3894,22,4.4,1,0.5,157,12.3,154,21,Datenblatt_904823_v01_eng.doc,CC-CV,0.02,80%,-10,50,-20,25,3.3,4.3,1.068,9,6.6,,,,,,,,,,,,,,,,,,,,,,,,,,,,,,,,,,,,,,,,,,,
SDL-22152,SDL-22152,GS Yuasa Technology,Nickel rich,NMC,Prismatic,LVP65,Active,Prismatic,500,80,232,75,4.2,3.7,3,15,325,1,2750,1174.8,75,15,1,0.5,178,50,132,21,-,CC-CV,0.02,80%,-20,50,-20,25,5.7,4.28,6.954,9,11.4,,,,,,,,,,,,,,,,,,,,,,,,,,,,,,,,,,,,,,,,,,,
SDL-22176a,SDL-22176,EAS Batteries,Nickel rich,NCA,Cylindrical,HE-602030 NCA 55AH,Active,Cyl,1000,80,355,55,4.2,3.6,3,27.5,110,0.5,1500,573.678,110,11,0.5,0.5,60,203,174,60,Rev. 1.1/1.2,CC-CV,0.02,100%,-20,60,-10,25,6.06,4.27,0.125,7.2,13.332,,,,,,,,,,,,,,,,,,,,,,,,,,,,,,,,,,,,,,,,,,,
SDL-22176b,SDL-22176,EAS Batteries,Nickel rich,NCA,Cylindrical,HE-602030 NCA 55AH,Active,Cyl,2000,60,355,55,4.2,3.6,3,27.5,110,0.5,1500,573.678,110,11,0.5,0.5,60,203,174,60,Rev. 1..1/1.2,CC-CV,0.02,80%,0,50,0,25,7.01,4.25,0.179,6.3,23.834,,,,,,,,,,,,,,,,,,,,,,,,,,,,,,,,,,,,,,,,,,,
SDL-22254,SDL-22254,Saft,Lithium Iron Phosphate,LFP,Cylindrical,VL 45E FE,Active,Cyl,2500,75,355,44,3.65,3.3,2.5,6.285714286,50,1.2,900,476.1245,25,6.285714286,0.15,0.5,54,208,174,54,-,CC-CV,0.02,80%,-20,55,0,25,7.85,4.21,0.208,11.7,12.75625,,,,,,,,,,,,,,,,,,,,,,,,,,,,,,,,,,,,,,,,,,,
SDL-22408,SDL-22408,Saft,Nickel rich,"NMC, NCA, NMC/NCA",Cylindrical,VL 5U,Active,Cyl,500,80,355,5,4.1,3.65,2,1,2,1,350,158.8055,5,1,1,0.5,34,175,174,34,10.2009,CC-CV,0.02,80%,0,60,-20,30,7.78,4.25,0.084,8.1,14.004,,,,,,,,,,,,,,,,,,,,,,,,,,,,,,,,,,,,,,,,,,,
SDL-22470a,SDL-22470,EAS Batteries,Nickel rich,NCA,Cylindrical,UHP-341440 NCA,Active,Cyl,1000,80,355,7.5,4.2,3.6,3,1.5,75,0.2,320,130.6742,75,3.8,0.2,0.5,34,144,174,34,12.12.2008,CC-CV,0.02,100%,-20,50,-20,30,2.28,4.3,0.177,7.2,5.016,,,,,,,,,,,,,,,,,,,,,,,,,,,,,,,,,,,,,,,,,,,
SDL-22470b,SDL-22470,EAS Batteries,Nickel rich,NCA,Cylindrical,UHP-341440 NCA,Active,Cyl,2000,60,355,7.5,4.2,3.6,3,1.5,75,0.2,320,130.6742,75,3.8,0.2,0.5,34,144,174,34,12.12.2008,CC-CV,0.02,80%,0,55,-10,35,3.63,4.28,0.107,9,12.342,,,,,,,,,,,,,,,,,,,,,,,,,,,,,,,,,,,,,,,,,,,
SDL-23011,SDL-23011,Battronix,Nickel rich,LFP,Pouch,LCB8570170EC1,Active,Prismatic,500,70,460,12.6,4.2,3.7,3,2.52,25.2,0.5,217,101.15,12.6,2.52,0.5,0.5,170,8.5,70,21,12.09.2009,CC-CV,0.02,70%,-10,50,0,25,7.87,4.24,3.393,10.8,13.7725,,,,,,,,,,,,,,,,,,,,,,,,,,,,,,,,,,,,,,,,,,,
SDL-23066a,SDL-23066,Thunder-Sky,Lithium Iron Phosphate,LFP,Prismatic,WB-LYP40AHA,Active,Prismatic,5000,80,355,40,3.65,3.3,2.5,12,120,0.5,1500,976.488,120,20,0.5,0.5,183,46,116,21,-,CC-CV,0.02,80%,0,60,-20,40,7.95,4.24,11.687,14.4,11.925,,,,,,,,,,,,,,,,,,,,,,,,,,,,,,,,,,,,,,,,,,,
SDL-23066b,SDL-23066,Thunder-Sky,Lithium Iron Phosphate,LFP,Prismatic,WB-LYP40AHA,Active,Prismatic,7000,80,355,40,3.65,3.3,2.5,12,120,0.5,1500,976.488,120,20,0.5,0.5,183,46,116,21,-,CC-CV,0.02,70%,-10,60,0,25,5.48,4.26,3,14.4,8.22,,,,,,,,,,,,,,,,,,,,,,,,,,,,,,,,,,,,,,,,,,,
SDL-23067a,SDL-23067,Thunder-Sky,Lithium Iron Phosphate,LFP,Prismatic,WB-LYP60AHA,Active,Prismatic,5000,80,355,60,3.65,3.3,2.5,30,180,0.5,2100,1424.045,180,30,0.5,0.5,203,61,115,21,-,CC-CV,0.02,80%,-10,60,0,30,5.6,4.26,8.426,11.7,8.4,,,,,,,,,,,,,,,,,,,,,,,,,,,,,,,,,,,,,,,,,,,
SDL-23067b,SDL-23067,Thunder-Sky,Lithium Iron Phosphate,LFP,Prismatic,WB-LYP60AHA,Active,Prismatic,7000,80,355,60,3.65,3.3,2.5,30,180,0.5,2100,1424.045,180,30,0.5,0.5,203,61,115,21,-,CC-CV,0.02,70%,-10,50,-10,35,8.93,4.22,4.056,10.8,13.395,,,,,,,,,,,,,,,,,,,,,,,,,,,,,,,,,,,,,,,,,,,
SDL-23068a,SDL-23068,Thunder-Sky,Lithium Iron Phosphate,LFP,Prismatic,WB-LYP90AHA,Active,Prismatic,5000,80,355,90,3.65,3.3,2.5,45,270,0.5,2900,1901.614,270,45,0.5,0.5,218,61,143,21,-,CC-CV,0.02,80%,0,50,-20,25,7.13,4.21,9.313,12.6,10.695,,,,,,,,,,,,,,,,,,,,,,,,,,,,,,,,,,,,,,,,,,,
SDL-23068b,SDL-23068,Thunder-Sky,Lithium Iron Phosphate,LFP,Prismatic,WB-LYP90AHA,Active,Prismatic,7000,80,355,90,3.65,3.3,2.5,45,270,0.5,2900,1901.614,270,45,0.5,0.5,218,61,143,21,-,CC-CV,0.02,70%,-20,60,-10,35,2.44,4.25,0.855,16.2,3.66,,,,,,,,,,,,,,,,,,,,,,,,,,,,,,,,,,,,,,,,,,,
SDL-23069a,SDL-23069,Thunder-Sky,Lithium Iron Phosphate,LFP,Prismatic,WB-LYP100AHA,Active,Prismatic,5000,80,355,100,3.65,3.3,2.5,50,300,0.5,3500,1945.9,300,50,0.5,0.5,220,61,145,21,-,CC-CV,0.02,80%,-10,60,0,40,2.6,4.28,3.672,15.3,3.9,,,,,,,,,,,,,,,,,,,,,,,,,,,,,,,,,,,,,,,,,,,
SDL-23069b,SDL-23069,Thunder-Sky,Lithium Iron Phosphate,LFP,Prismatic,WB-LYP100AHA,Active,Prismatic,7000,80,355,100,3.65,3.3,2.5,50,300,0.5,3500,1945.9,300,50,0.5,0.5,220,61,145,21,-,CC-CV,0.02,70%,0,55,-10,40,2.61,4.28,2.336,10.8,3.915,,,,,,,,,,,,,,,,,,,,,,,,,,,,,,,,,,,,,,,,,,,
SDL-23070a,SDL-23070,Thunder-Sky,Lithium Iron Phosphate,LFP,Prismatic,WB-LYP160AHA,Active,Prismatic,5000,80,355,160,3.65,3.3,2.5,80,480,0.5,5600,3803.8,480,80,0.5,0.5,280,65,209,21,-,CC-CV,0.02,80%,-10,50,0,35,3.47,4.23,11.462,13.5,5.205,,,,,,,,,,,,,,,,,,,,,,,,,,,,,,,,,,,,,,,,,,,
SDL-23070b,SDL-23070,Thunder-Sky,Lithium Iron Phosphate,LFP,Prismatic,WB-LYP160AHA,Active,Prismatic,7000,80,355,160,3.65,3.3,2.5,80,480,0.5,5600,3803.8,480,80,0.5,0.5,280,65,209,21,-,CC-CV,0.02,70%,0,55,-20,35,5.23,4.22,9.62,17.1,7.845,,,,,,,,,,,,,,,,,,,,,,,,,,,,,,,,,,,,,,,,,,,
SDL-23071a,SDL-23071,Thunder-Sky,Lithium Iron Phosphate,LFP,Prismatic,WB-LYP200AHA,Active,Prismatic,5000,80,355,200,3.65,3.3,2.5,100,600,0.5,7900,5001.1332,600,100,0.5,0.5,362,55.55,248.7,21,-,CC-CV,0.02,80%,-20,60,-20,25,2.69,4.29,4.361,14.4,4.035,,,,,,,,,,,,,,,,,,,,,,,,,,,,,,,,,,,,,,,,,,,
SDL-23071b,SDL-23071,Thunder-Sky,Lithium Iron Phosphate,LFP,Prismatic,WB-LYP200AHA,Active,Prismatic,7000,80,355,200,3.65,3.3,2.5,100,600,0.5,7900,5001.1332,600,100,0.5,0.5,362,55.55,248.7,21,-,CC-CV,0.02,70%,-10,55,-10,40,3.49,4.23,3.061,10.8,5.235,,,,,,,,,,,,,,,,,,,,,,,,,,,,,,,,,,,,,,,,,,,
SDL-23072a,SDL-23072,Thunder-Sky,Lithium Iron Phosphate,LFP,Prismatic,WB-LYP260AHA,Active,Prismatic,5000,80,355,260,3.65,3.3,2.5,130,780,0.5,8700,5525.025,780,130,0.5,0.5,362,55.5,275,21,-,CC-CV,0.02,80%,0,55,0,35,3.85,4.21,2.345,13.5,5.775,,,,,,,,,,,,,,,,,,,,,,,,,,,,,,,,,,,,,,,,,,,
SDL-23072b,SDL-23072,Thunder-Sky,Lithium Iron Phosphate,LFP,Prismatic,WB-LYP260AHA,Active,Prismatic,7000,80,355,260,3.65,3.3,2.5,130,780,0.5,8700,5525.025,780,130,0.5,0.5,362,55.5,275,21,-,CC-CV,0.02,70%,-20,60,-20,30,7.44,4.27,8.345,14.4,11.16,,,,,,,,,,,,,,,,,,,,,,,,,,,,,,,,,,,,,,,,,,,
SDL-23073a,SDL-23073,Thunder-Sky,Lithium Iron Phosphate,LFP,Prismatic,WB-LYP300AHA,Active,Prismatic,5000,80,355,300,3.65,3.3,2.5,150,900,0.5,9500,6147.846,900,150,0.5,0.5,362,55.5,306,21,-,CC-CV,0.02,80%,-10,50,-20,40,4.08,4.21,2.383,13.5,6.12,,,,,,,,,,,,,,,,,,,,,,,,,,,,,,,,,,,,,,,,,,,
SDL-23073b,SDL-23073,Thunder-Sky,Lithium Iron Phosphate,LFP,Prismatic,WB-LYP300AHA,Active,Prismatic,7000,80,355,300,3.65,3.3,2.5,150,900,0.5,9500,6147.846,900,150,0.5,0.5,362,55.5,306,21,-,CC-CV,0.02,70%,-10,60,0,25,4.84,4.24,10.417,18,7.26,,,,,,,,,,,,,,,,,,,,,,,,,,,,,,,,,,,,,,,,,,,
SDL-23074a,SDL-23074,Thunder-Sky,Lithium Iron Phosphate,LFP,Prismatic,WB-LYP400AHA,Active,Prismatic,5000,80,355,400,3.65,3.3,2.5,200,1200,0.5,13100,8540.025,1200,200,0.5,0.5,461,65,285,21,-,CC-CV,0.02,80%,0,55,-20,25,8.5,4.28,3.206,15.3,12.75,,,,,,,,,,,,,,,,,,,,,,,,,,,,,,,,,,,,,,,,,,,
SDL-23074b,SDL-23074,Thunder-Sky,Lithium Iron Phosphate,LFP,Prismatic,WB-LYP400AHA,Active,Prismatic,7000,80,355,400,3.65,3.3,2.5,200,1200,0.5,13100,8540.025,1200,200,0.5,0.5,461,65,285,21,-,CC-CV,0.02,70%,0,50,-20,25,3.8,4.21,9.843,17.1,5.7,,,,,,,,,,,,,,,,,,,,,,,,,,,,,,,,,,,,,,,,,,,
SDL-23075a,SDL-23075,Thunder-Sky,Lithium Iron Phosphate,LFP,Prismatic,WB-LYP700AHA,Active,Prismatic,5000,80,355,700,3.65,3.3,2.5,350,2100,0.5,21000,12854.754,2100,350,0.5,0.5,627,67,306,21,-,CC-CV,0.02,80%,0,60,-20,30,2.55,4.25,5.432,12.6,3.825,,,,,,,,,,,,,,,,,,,,,,,,,,,,,,,,,,,,,,,,,,,
SDL-23075b,SDL-23075,Thunder-Sky,Lithium Iron Phosphate,LFP,Prismatic,WB-LYP700AHA,Active,Prismatic,7000,80,355,700,3.65,3.3,2.5,350,2100,0.5,21000,12854.754,2100,350,0.5,0.5,627,67,306,21,-,CC-CV,0.02,70%,-10,55,0,40,1.82,4.29,2.05,12.6,2.73,,,,,,,,,,,,,,,,,,,,,,,,,,,,,,,,,,,,,,,,,,,
SDL-23076a,SDL-23076,Thunder-Sky,Lithium Iron Phosphate,LFP,Prismatic,WB-LYP1000AHA,Active,Prismatic,5000,80,355,1000,3.65,3.3,2.5,500,3000,0.5,35000,22631.25,3000,500,0.5,0.5,850,71,375,21,-,CC-CV,0.02,80%,-20,50,-10,35,7.06,4.26,9.675,11.7,10.59,,,,,,,,,,,,,,,,,,,,,,,,,,,,,,,,,,,,,,,,,,,
SDL-23076b,SDL-23076,Thunder-Sky,Lithium Iron Phosphate,LFP,Prismatic,WB-LYP1000AHA,Active,Prismatic,7000,80,355,1000,3.65,3.3,2.5,500,3000,0.5,35000,22631.25,3000,500,0.5,0.5,850,71,375,21,-,CC-CV,0.02,70%,-20,60,-10,35,4.07,4.26,4.801,18,6.105,,,,,,,,,,,,,,,,,,,,,,,,,,,,,,,,,,,,,,,,,,,
SDL-23077a,SDL-23077,Thunder-Sky,Lithium Iron Phosphate,LFP,Prismatic,WB-LYP1000AHC,Active,Prismatic,5000,80,355,1000,3.65,3.2,2.5,500,3000,0.5,41000,25916.8,3000,500,0.5,0.5,560,130,356,21,-,CC-CV,0.02,80%,-20,60,0,25,2.22,4.21,3.304,17.1,3.33,,,,,,,,,,,,,,,,,,,,,,,,,,,,,,,,,,,,,,,,,,,
SDL-23077b,SDL-23077,Thunder-Sky,Lithium Iron Phosphate,LFP,Prismatic,WB-LYP1000AHC,Active,Prismatic,7000,80,355,1000,3.65,3.2,2.5,500,3000,0.5,41000,25916.8,3000,500,0.5,0.5,560,130,356,21,-,CC-CV,0.02,70%,-10,50,-20,30,4.23,4.2,1.224,13.5,6.345,,,,,,,,,,,,,,,,,,,,,,,,,,,,,,,,,,,,,,,,,,,
SDL-23220,SDL-23220,Optimum Battery Co Ltd,Lithium Iron Phosphate,LFP,Cylindrical,OPT-32650F,Active,Cyl,2000,80,355,5,3.65,3.2,2.5,5,10,1,145,54.3698,5,1,1,0.5,32.2,70,174,32.2,-,CC-CV,0.02,80%,0,55,-20,40,6.76,4.2,0.189,15.3,10.14,,,,,,,,,,,,,,,,,,,,,,,,,,,,,,,,,,,,,,,,,,,
SDL-23256,SDL-23256,Chengdu Jianzhong Lithium Battery Company Ltd,Lithium Cobalt Oxide,LCO,Cylindrical,ICR26650,Active,Cyl,300,80,355,4,4.2,3.7,3,0.64,4,1,90,34.4929,4,0.8,1,0.5,26,65,174,26,17.07.2015,CC-CV,0.02,80%,-20,60,0,25,6.17,4.3,0.027,6.3,11.106,,,,,,,,,,,,,,,,,,,,,,,,,,,,,,,,,,,,,,,,,,,
SDL-23257,SDL-23257,Kokam,Nickel rich,NMC,Pouch,SLPB11543140H5,Active,Prismatic,800,80,355,5,4.2,3.7,2.7,2.5,150,1,128,72.5254,10.4,2,1,0.5,142.5,11.7,43.5,21,-,CC-CV,0.02,80%,-10,50,-10,25,3.15,4.2,1.346,7.2,6.3,,,,,,,,,,,,,,,,,,,,,,,,,,,,,,,,,,,,,,,,,,,
SDL-23465,SDL-23465,Auto Energy Technology Co,Lithium Titanate,LTO,Cylindrical,YT185185185,Active,Cyl,2000,80,355,40,2.7,2.4,1.5,65,120,1,1650,902.3575,120,8,1,0.5,55,380,174,55,-,CC-CV,0.02,80%,-20,55,0,25,7.17,4.3,0.059,13.5,10.038,,,,,,,,,,,,,,,,,,,,,,,,,,,,,,,,,,,,,,,,,,,
SDL-23541,SDL-23541,"EnerDel, INC",Nickel rich,LFP,Pouch,HEV CELL,Active,Prismatic,1000,80,355,16,4.1,3.6,2.5,3.5,80,1,446,293.2776,80,3.5,1,0.5,253,6.3,184,21,24.05.2012,CC-CV,0.02,80%,0,50,-20,30,2.41,4.29,3.443,13.5,3.615,,,,,,,,,,,,,,,,,,,,,,,,,,,,,,,,,,,,,,,,,,,
SDL-23543a,SDL-23543,Headway Group,Lithium Iron Phosphate,LFP,Cylindrical,HW38120S/L,Active,Cyl,2000,80,355,10,3.65,3.2,2,10,30,1,330,138.2919,20,10,1,0.5,38,122,174,38,-,CC-CV,0.02,80%,0,60,-10,40,9.66,4.29,0.253,18,14.49,,,,,,,,,,,,,,,,,,,,,,,,,,,,,,,,,,,,,,,,,,,
SDL-23543b,SDL-23543,Headway Group,Lithium Iron Phosphate,LFP,Cylindrical,HW38120S/L,Active,Cyl,1500,80,355,10,3.65,3.2,2,10,30,3,330,138.2919,20,10,1,0.5,38,122,174,38,-,CC-CV,0.02,80%,0,55,-20,25,3.8,4.22,0.091,13.5,5.7,,,,,,,,,,,,,,,,,,,,,,,,,,,,,,,,,,,,,,,,,,,
SDL-23544a,SDL-23544,Headway Group,Lithium Iron Phosphate,LFP,Cylindrical,HW38140S,Active,Cyl,2000,80,355,12,3.65,3.2,2,12,36,1,395,160.9627,24,12,1,0.5,38,142,174,38,-,CC-CV,0.02,80%,-20,60,0,25,8.49,4.26,0.133,16.2,12.735,,,,,,,,,,,,,,,,,,,,,,,,,,,,,,,,,,,,,,,,,,,
SDL-23544b,SDL-23544,Headway Group,Lithium Iron Phosphate,LFP,Cylindrical,HW38140S,Active,Cyl,1500,80,355,12,3.65,3.2,2,12,36,3,395,160.9627,24,12,1,0.5,38,142,174,38,-,CC-CV,0.02,80%,-20,60,-10,40,7.8,4.25,0.083,13.5,11.7,,,,,,,,,,,,,,,,,,,,,,,,,,,,,,,,,,,,,,,,,,,
SDL-23547a,SDL-23547,Headway Group,Lithium Iron Phosphate,LFP,Cylindrical,HW40152S,Active,Cyl,2000,80,355,15,3.65,3.2,2,15,45,1,475,207.24,30,7.5,1,0.5,40,165,174,40,-,CC-CV,0.02,80%,-10,50,-20,35,2.36,4.24,0.129,18,3.54,,,,,,,,,,,,,,,,,,,,,,,,,,,,,,,,,,,,,,,,,,,
SDL-23547b,SDL-23547,Headway Group,Lithium Iron Phosphate,LFP,Cylindrical,HW40152S,Active,Cyl,1500,80,355,15,3.65,3.2,2,15,45,3,475,207.24,30,7.5,1,0.5,40,165,174,40,-,CC-CV,0.02,80%,-20,55,-20,30,4.2,4.28,0.121,11.7,6.3,,,,,,,,,,,,,,,,,,,,,,,,,,,,,,,,,,,,,,,,,,,
SDL-2494,SDL-2494,Saft,Nickel rich,"NMC, NCA, NMC/NCA",Cylindrical,VES100,Active,Cyl,500,80,355,28,4.1,3.6,2.75,2.8,84,1,810,423.4761,28,2.8,1,0.5,54,185,174,54,-,CC-CV,0.02,80%,-10,60,-10,30,5.56,4.22,0.096,8.1,10.008,,,,,,,,,,,,,,,,,,,,,,,,,,,,,,,,,,,,,,,,,,,
SDL-2495,SDL-2495,Saft,Nickel rich,"NMC, NCA, NMC/NCA",Cylindrical,VES140,Active,Cyl,500,80,355,39,4.1,3.6,2.75,3.9,117,1,1130,572.265,39,3.9,1,0.5,54,250,174,54,-,CC-CV,0.02,80%,-10,60,0,40,7.27,4.21,0.135,10.8,13.086,,,,,,,,,,,,,,,,,,,,,,,,,,,,,,,,,,,,,,,,,,,
SDL-2496,SDL-2496,Saft,Nickel rich,"NMC, NCA, NMC/NCA",Cylindrical,VES180,Active,Cyl,500,80,355,50,4.1,3.6,2.75,5,150,1,1110,551.2663,50,5,1,0.5,53,250,174,53,-,CC-CV,0.02,80%,-10,50,0,25,5.5,4.26,0.08,8.1,9.9,,,,,,,,,,,,,,,,,,,,,,,,,,,,,,,,,,,,,,,,,,,
SDL-2500,SDL-2500,Saft,Nickel rich,"NMC, NCA, NMC/NCA",Prismatic,MP174865,Active,Prismatic,500,70,380,5.3,4.2,3.75,2.5,1.1,11,1,124,52,5,0.58,1,0.5,65,19,48,21,11.2007,CC-CV,0.02,80%,0,50,0,25,8.59,4.3,7.914,9,18.898,,,,,,,,,,,,,,,,,,,,,,,,,,,,,,,,,,,,,,,,,,,
SDL-2502,SDL-2502,Saft,Nickel rich,"NMC, NCA, NMC/NCA",Prismatic,MP176065,Active,Prismatic,500,70,350,6.8,4.2,3.75,2.5,1.4,13.6,1,155,73,6.8,0.58,1,0.5,65,19.8,61,21,3.2005,CC-CV,0.02,80%,-10,55,0,30,6.41,4.27,1.865,9.9,14.102,,,,,,,,,,,,,,,,,,,,,,,,,,,,,,,,,,,,,,,,,,,
SDL-2503,SDL-2503,Saft,Nickel rich,"NMC, NCA, NMC/NCA",Cylindrical,VL 45E,Active,Cyl,500,80,313,45,4.1,3.6,2.7,4.5,100,1,1070,510,45,4.5,1,0.5,54.3,222,174,54.3,3.2005,CC-CV,0.02,80%,-10,50,-20,30,8.28,4.24,0.177,8.1,14.904,,,,,,,,,,,,,,,,,,,,,,,,,,,,,,,,,,,,,,,,,,,
SDL-2504,SDL-2504,Saft,Nickel rich,"NMC, NCA, NMC/NCA",Cylindrical,VL 41M,Active,Cyl,500,80,285,41,4.1,3.6,2.7,4.5,150,0.33,1070,513.8334,41,4.5,0.33,0.5,54.3,222,174,54.3,3.2005,CC-CV,0.02,80%,-10,60,0,30,5.43,4.2,0.142,9,9.774,,,,,,,,,,,,,,,,,,,,,,,,,,,,,,,,,,,,,,,,,,,
SDL-2505,SDL-2505,Saft,Nickel rich,"NMC, NCA, NMC/NCA",Cylindrical,VL 27M,Active,Cyl,500,80,252,27,4.1,3.6,2.7,2.7,110,0.33,770,377.274,27,2.7,0.33,0.5,54.3,163,174,54.3,3.2005,CC-CV,0.02,80%,-10,60,0,30,9.95,4.2,0.124,9,17.91,,,,,,,,,,,,,,,,,,,,,,,,,,,,,,,,,,,,,,,,,,,
SDL-2506,SDL-2506,Saft,Nickel rich,"NMC, NCA, NMC/NCA",Cylindrical,VL 7P,Active,Cyl,500,80,131,7,4.1,3.6,2.7,0.7,100,1,370,191.3398,7,0.7,1,0.5,41,145,174,41,3.2005,CC-CV,0.02,80%,0,60,-20,35,6.62,4.24,0.104,7.2,11.916,,,,,,,,,,,,,,,,,,,,,,,,,,,,,,,,,,,,,,,,,,,
SDL-2507,SDL-2507,Saft,Nickel rich,"NMC, NCA, NMC/NCA",Cylindrical,VL 20P,Active,Cyl,500,80,187,20,4.1,3.6,2.7,2,250,1,800,373.1168,20,2,1,0.5,54,163,174,54,3.2005,CC-CV,0.02,80%,-10,50,-10,25,3.53,4.29,0.073,9.9,6.354,,,,,,,,,,,,,,,,,,,,,,,,,,,,,,,,,,,,,,,,,,,
SDL-2508,SDL-2508,Saft,Nickel rich,"NMC, NCA, NMC/NCA",Cylindrical,VL 30P,Active,Cyl,500,80,209,30,4.1,3.6,2.7,3,300,1,1100,508.1713,30,3,1,0.5,54,222,174,54,3.2005,CC-CV,0.02,80%,-20,50,-10,25,3.4,4.29,0.149,8.1,6.12,,,,,,,,,,,,,,,,,,,,,,,,,,,,,,,,,,,,,,,,,,,
SDL-2524,SDL-2524,Quallion LLC,Nickel rich,LNCAO,Prismatic,QL015KA,Active,Prismatic,3000,80,296,15,4.2,3.6,2.7,15,15,1,380,180.4631,15,1.5,1,0.5,88.3,37.5,54.5,21,-,CC-CV,0.02,80%,0,50,0,40,7.26,4.23,5.144,10.8,13.068,,,,,,,,,,,,,,,,,,,,,,,,,,,,,,,,,,,,,,,,,,,
SDL-25474,SDL-25474,Guangzhou FULLRIVER Battery New Technology Co,Lithium Iron Phosphate,LFP,Cylindrical,32700Fe5400,Active,Cyl,1000,80,355,5.4,3.7,3.2,2,1.08,5.4,1,143,58.9668,5.4,1.08,1,0.5,32.3,72,174,32.3,6.2012,CC-CV,0.02,80%,-20,50,-10,40,8.59,4.29,0.076,18,12.885,,,,,,,,,,,,,,,,,,,,,,,,,,,,,,,,,,,,,,,,,,,
SDL-25565,SDL-25565,LG Chem,Nickel rich,NMC,Cylindrical,INR18650MJ1,Active,Cyl,400,80,355,3.5,4.2,3.63,2.5,0.68,10,1,49,17.275,3.4,1.7,0.5,0.5,18.4,65,174,18.4,22.08.2014,CC-CV,0.01,100%,0,55,-10,25,4.91,4.23,0.156,9,9.82,,,,,,,,,,,,,,,,,,,,,,,,,,,,,,,,,,,,,,,,,,,
SDL-25566,SDL-25566,Saft,Nickel rich,"NMC, NCA, NMC/NCA",Prismatic,MP174565xtd,Active,Prismatic,1500,80,246,4,4.2,3.65,2.7,0.8,8,0.5,97,56.5779,4,2,0.5,0.5,68.5,18.65,45.3,21,8.2019,CC-CV,0.02,80%,0,50,-10,25,7.35,4.27,2.432,8.1,13.23,,,,,,,,,,,,,,,,,,,,,,,,,,,,,,,,,,,,,,,,,,,
SDL-25567,SDL-25567,Saft,Nickel rich,"NMC, NCA, NMC/NCA",Prismatic,MP176065xtd,Active,Prismatic,1500,80,264,5.6,4.1,3.65,2.5,1.18,11,0.5,136,77.3081,5.6,1.18,0.5,0.5,68.7,18.6,60.5,21,4.2018,CC-CV,0.02,80%,0,50,-20,35,2.72,4.28,0.267,10.8,4.896,,,,,,,,,,,,,,,,,,,,,,,,,,,,,,,,,,,,,,,,,,,
SDL-25591a,SDL-25591,EAS Batteries,Nickel rich,NCA,Cylindrical,HE-341440 NCA,Active,Cyl,1000,80,355,10,4.2,3.6,3,1.5,50,0.2,320,130.6742,20,5,0.2,0.5,34,144,174,34,Doc HE 341440 NCA - 2011-13,CC-CV,0.02,80%,-20,50,-10,40,3.81,4.23,0.061,9,8.382,,,,,,,,,,,,,,,,,,,,,,,,,,,,,,,,,,,,,,,,,,,
SDL-25591b,SDL-25591,EAS Batteries,Nickel rich,NCA,Cylindrical,HE-341440 NCA,Active,Cyl,2000,60,355,10,4.2,3.6,3,1.5,50,0.2,320,130.6742,20,5,0.2,0.5,34,144,174,34,Doc HE 341440 NCA - 2011-13,CC-CV,0.02,80%,0,55,0,35,7.13,4.24,0.172,8.1,24.242,,,,,,,,,,,,,,,,,,,,,,,,,,,,,,,,,,,,,,,,,,,
SDL-25608,SDL-25608,LG Chem,Nickel rich,NMC,Cylindrical,INR20650 M42,Active,Cyl,400,80,355,4.15,4.2,3.63,2.5,0.804,12,1,58,21.6082,4.02,2.01,0.5,0.5,20.5,65.5,174,20.5,07.12.2015,CC-CV,0.01,100,-20,50,0,35,3.45,4.24,0.237,7.2,6.9,,,,,,,,,,,,,,,,,,,,,,,,,,,,,,,,,,,,,,,,,,,
SDL-25621,SDL-25621,Zenlabs / Envia,Nickel rich,NMC,Pouch,ENV35011-CRC,Active,Prismatic,450,80,840,10.6,4.47,3.65,2.5,2.12,10,1,111,46.4,4,2.12,1,0.5,145,5,64,21,-,CC-CV,0.02,80%,-20,55,-20,40,5.76,4.21,2.176,7.2,11.52,,,,,,,,,,,,,,,,,,,,,,,,,,,,,,,,,,,,,,,,,,,
SDL-25622,SDL-25622,Zenlabs / Envia,Nickel rich,NMC,Pouch,ENV23426-XP,Active,Prismatic,1000,80,438,26.5,4.35,3.69,2.3,8.833333333,26.5,1,407,222.75,26.5,8.833333333,1,0.5,225,6,165,21,-,CC-CV,0.02,80%,0,55,-20,25,7.68,4.2,1.029,9.9,15.36,,,,,,,,,,,,,,,,,,,,,,,,,,,,,,,,,,,,,,,,,,,
SDL-26864,SDL-26864,Lishen,Nickel rich,NCA,Cylindrical,LR2170SC,Active,Cyl,1000,70,355,5,4.2,3.6,2.75,1,10,1,70,26.2081,1.5,1,1,0.5,21.7,70.9,174,21.7,26.07.2017,CC-CV,0.02,100%,0,50,-20,30,8.25,4.27,0.132,9,23.1,,,,,,,,,,,,,,,,,,,,,,,,,,,,,,,,,,,,,,,,,,,
SDL-26865,SDL-26865,Lishen,Nickel rich,NCA,Cylindrical,LR2170SF,Active,Cyl,1000,80,618,4.5,4.2,3.6,2.5,4.5,13.5,1,70,26.7687,5.4,2.25,1,0.5,21.9,71.1,174,21.9,2021,CC-CV,0.02,100%,0,60,0,30,9.37,4.27,0.218,6.3,20.614,,,,,,,,,,,,,,,,,,,,,,,,,,,,,,,,,,,,,,,,,,,
SDL-26872,SDL-26872,Amprius / Wuxi Lead,Lithium Cobalt Oxide,LCO - Silicon Nanowire,Pouch,ANW3.6-455055,Active,Prismatic,150,80,355,3.6,4.35,3.6,2.75,0.51,1.8,0.2,33,12.375,1.8,0.51,0.2,0.5,55,4.5,50,21,2018,CC-CV,0.02,80%,0,50,-20,25,3.68,4.23,4.338,7.2,6.624,,,,,,,,,,,,,,,,,,,,,,,,,,,,,,,,,,,,,,,,,,,
SDL-26901,SDL-26901,Amprius / Wuxi Lead,Nickel rich,"NMC, NCA, NMC/NCA",Pouch,E485795CH,Active,Prismatic,500,80,355,5,4.4,3.85,3,0.98,5,0.5,65,27.1889,2.45,1,0.5,0.5,96.5,4.9,57.5,21,AMP/JS-SPEC-A07-05,CC-CV,0.02,80%,0,50,0,40,4.68,4.24,0.85,8.1,8.424,,,,,,,,,,,,,,,,,,,,,,,,,,,,,,,,,,,,,,,,,,,
SDL-26910,SDL-26910,Hangzhou Future Power Technology Co,Nickel rich,LFP,Pouch,FT655894P,Active,Prismatic,500,80,355,5.15,4.35,3.8,3,1,2.5,1,105,37.8232,2.5,1,1,0.5,96.5,6.7,58.5,21,Customer Code F0635,CC-CV,0.02,80%,0,60,0,40,6.66,4.26,1.183,13.5,9.99,,,,,,,,,,,,,,,,,,,,,,,,,,,,,,,,,,,,,,,,,,,
SDL-26913,SDL-26913,BMZ / Sony,Nickel rich,NCA,Cylindrical,BMZ 21700 40PS1,Active,Cyl,1000,80,355,4,4.2,3.6,2.5,0.8,35,1,70,24.8494,6,2,1,0.5,21.22,70.3,174,21.22,2017,CC-CV,0.02,80%,0,55,-20,25,9.74,4.21,0.155,9,21.428,,,,,,,,,,,,,,,,,,,,,,,,,,,,,,,,,,,,,,,,,,,
SDL-26914,SDL-26914,BMZ / Sony,Nickel rich,NCA,Cylindrical,BMZ 21700 42 PM,Active,Cyl,250,85,355,4.16,4.2,3.6,2,0.832,35,1,72,24.9759,6,2,1,0.5,21.35,69.8,174,21.35,-,CC-CV,0.02,80%,-10,60,0,40,3.81,4.29,0.193,6.3,7.239,,,,,,,,,,,,,,,,,,,,,,,,,,,,,,,,,,,,,,,,,,,
SDL-26916,SDL-26916,BMZ / Sony,Nickel rich,NCA,Cylindrical,BMZ 21700 52EM,Active,Cyl,350,70,355,5.2,4.2,3.6,2.5,1.05,8,1,70,24.9759,4,1.05,1,0.5,21.35,69.8,174,21.35,-,CC-CV,0.02,80%,-10,60,-20,25,2.57,4.23,0.251,9,7.196,,,,,,,,,,,,,,,,,,,,,,,,,,,,,,,,,,,,,,,,,,,
SDL-26917,SDL-26917,BMZ / Sony,Nickel rich,NCA,Cylindrical,BMZ 21700 52E,Active,Cyl,350,70,355,5.2,4.2,3.6,2.5,1.05,8,1,70,24.9759,4,1.05,1,0.5,21.35,69.8,174,21.35,-,CC-CV,0.02,80%,0,55,-20,25,2.16,4.24,0.074,6.3,6.048,,,,,,,,,,,,,,,,,,,,,,,,,,,,,,,,,,,,,,,,,,,
SDL-26918,SDL-26918,Murata,Nickel rich,NCA,Cylindrical,US21700VTC6A,Active,Cyl,500,80,578,4,4.2,3.6,2,0.8,40,2.5,72.7,25.5189,9,3,1,0.5,21.55,70,174,21.55,-,CC-CV,0.02,80%,-20,50,-10,25,2.55,4.28,0.085,8.1,5.61,,,,,,,,,,,,,,,,,,,,,,,,,,,,,,,,,,,,,,,,,,,
SDL-26925,SDL-26925,Dongguan K-Tech New Energy,Nickel rich,"NMC, NCA, NMC/NCA",Cylindrical,INR21700P-4000mAh,Active,Cyl,500,80,355,4,4.2,3.7,2.75,0.8,12,0.5,68,26.1517,4,0.8,0.5,0.5,21.8,70.1,174,21.8,12.01.2018,CC-CV,0.02,100%,-20,60,-10,30,4.99,4.29,0.17,9.9,8.982,,,,,,,,,,,,,,,,,,,,,,,,,,,,,,,,,,,,,,,,,,,
SDL-26944,SDL-26944,Yinglong,Lithium Titanate,LTO,Cylindrical,LTO66160H/40Ah,Active,Cyl,16000,80,355,40,2.7,2.3,1.5,40,240,1,1250,547.1136,400,40,1,0.5,66,160,174,66,12.12.2016,CC-CV,0.02,100%,-10,60,0,40,8.01,4.21,0.065,21.6,11.214,,,,,,,,,,,,,,,,,,,,,,,,,,,,,,,,,,,,,,,,,,,
SDL-26945,SDL-26945,Yinglong,Lithium Titanate,LTO,Cylindrical,35Ah,Active,Cyl,16000,80,355,36.2,2.7,2.3,1.5,35,210,1,1220,547.1136,210,80,1,0.5,66,160,174,66,-,CC-CV,0.02,100%,-20,55,-10,25,9.82,4.21,0.206,14.4,13.748,,,,,,,,,,,,,,,,,,,,,,,,,,,,,,,,,,,,,,,,,,,
TUM-001a,TUM-001,Samsung,Nickel rich,NMC,Prismatic,SDI 94Ah ,Active,Prismatic,1500,80,355,94,4.15,3.68,2.7,31.33333333,150,1,2100,973,72,31.33333333,1,0.5,173,45,125,21,31.12.2015,CC-CV,0.02,80%,-10,55,-20,25,4.29,4.24,1.577,10.8,8.58,,,,,,,,,,,,,,,,,,,,,,,,,,,,,,,,,,,,,,,,,,,
TUM-001b,TUM-001,Samsung,Nickel rich,NMC,Prismatic,SDI 94Ah ,Active,Prismatic,2500,70,355,94,4.15,3.68,2.7,31.33333333,150,1,2100,973,72,31.33333333,1,0.5,173,45,125,21,31.12.2015,CC-CV,0.02,80%,-10,55,-10,30,2.84,4.26,2.817,10.8,7.1,,,,,,,,,,,,,,,,,,,,,,,,,,,,,,,,,,,,,,,,,,,
TUM-001c,TUM-001,Samsung,Nickel rich,NMC,Prismatic,SDI 94Ah ,Active,Prismatic,3200,80,355,94,4.15,3.68,2.7,31.33333333,150,1,2100,973,72,31.33333333,0.5,0.5,173,45,125,21,31.12.2015,CC-CV,0.02,80%,-10,60,0,35,5.78,4.26,5.338,8.1,11.56,,,,,,,,,,,,,,,,,,,,,,,,,,,,,,,,,,,,,,,,,,,
TUM-001d,TUM-001,Samsung,Nickel rich,NMC,Prismatic,SDI 94Ah ,Active,Prismatic,5200,70,355,94,4.15,3.68,2.7,31.33333333,150,1,2100,973,72,31.33333333,0.5,0.5,173,45,125,21,31.12.2015,CC-CV,0.02,80%,-20,50,-10,25,5.59,4.22,0.18,10.8,13.975,,,,,,,,,,,,,,,,,,,,,,,,,,,,,,,,,,,,,,,,,,,
TUM-02,TUM-02,Kokam,Nickel rich,NMC,Pouch,SLPB065070180,Active,Prismatic,3000,70,571,11.6,4.2,3.67,2.7,1.16,23.2,1,175,475,11.6,1.16,1,0.5,185,6.6,84,21,KKDS-20200406-BM-CEL-02 ,CC-CV,0.02,80%,-20,55,-20,35,2.81,4.29,0.229,9.9,7.025,,,,,,,,,,,,,,,,,,,,,,,,,,,,,,,,,,,,,,,,,,,
TUM-03,TUM-03,Kokam,Nickel rich,NMC,Pouch,SLPB120216216,Active,Prismatic,6000,70,418,53,4.2,3.7,2.7,10.6,265,1,1095,475,106,10.6,1,0.5,227,12,226,21,-,CC-CV,0.02,80%,-20,50,-20,25,3.95,4.29,2.689,8.1,9.875,,,,,,,,,,,,,,,,,,,,,,,,,,,,,,,,,,,,,,,,,,,
TUM-04,TUM-04,Samsung,Nickel rich,NCA,Cylindrical,INR21700-50E,Active,Cyl,500,80,568.8,4.9,4.2,3.6,2.5,0.8,9.8,1,69,28,4.9,2.45,0.5,0.5,21.25,70.8,174,21.25,19.12.2017,CC-CV,0.02,80%,-20,55,-10,40,7.38,4.3,0.025,9.9,16.236,,,,,,,,,,,,,,,,,,,,,,,,,,,,,,,,,,,,,,,,,,,
TUM-05,TUM-05,LG Chem,Nickel rich,NMC,Pouch,ID.3,Active,Prismatic,2000,80,685,80.45,4.2,3.7,2.5,0.8,10,1,1.101,0.438,125,1,1,0.5,515,8.7,98,21,Wassiliadis et al. 2022,CC-CV,0.02,80%,0,60,-20,35,6.73,4.29,2.52,8.1,13.46,,,,,,,,,,,,,,,,,,,,,,,,,,,,,,,,,,,,,,,,,,,
